City_ID,City,Lat,Lng,Max Temp,Humidity,Cloudiness,Wind Speed,Description,Date
0,Upernavik,72.7868,-56.1549,24.49,92,100,6.96,overcast clouds,2021-11-03 20:58:59
1,Luderitz,-26.6481,15.1594,58.96,61,3,15.5,clear sky,2021-11-03 20:58:36
2,Albany,42.6001,-73.9662,47.17,56,71,8.88,broken clouds,2021-11-03 21:00:02
3,Cape Town,-33.9258,18.4232,61.27,80,40,6.91,scattered clouds,2021-11-03 20:58:44
4,Punta Arenas,-53.15,-70.9167,55.11,47,96,17.49,overcast clouds,2021-11-03 21:00:22
5,Tuktoyaktuk,69.4541,-133.0374,19.4,93,75,8.05,broken clouds,2021-11-03 21:01:48
6,Oranjestad,12.524,-70.027,84.15,74,20,18.41,few clouds,2021-11-03 21:03:15
7,Tiksi,71.6872,128.8694,-10.35,98,92,9.19,overcast clouds,2021-11-03 21:03:15
8,Dikson,73.5069,80.5464,14.86,93,71,8.1,broken clouds,2021-11-03 21:01:42
9,Wanning,18.8003,110.3967,75.72,90,60,3.8,broken clouds,2021-11-03 21:02:22
10,Ribeira Grande,38.5167,-28.7,68.4,94,75,18.41,broken clouds,2021-11-03 21:04:57
11,Hermanus,-34.4187,19.2345,59.9,79,3,11.7,clear sky,2021-11-03 21:01:41
12,Chuy,-33.6971,-53.4616,65.1,97,100,13.27,overcast clouds,2021-11-03 21:01:43
13,Port Shepstone,-30.7414,30.455,65.37,80,54,12.64,broken clouds,2021-11-03 21:04:58
14,Brumunddal,60.881,10.9395,43.27,92,100,3.2,light rain,2021-11-03 21:04:58
15,Atuona,-9.8,-139.0333,78.03,66,61,12.44,broken clouds,2021-11-03 20:58:33
16,Clive,41.603,-93.7241,49.37,55,90,8.99,overcast clouds,2021-11-03 21:04:58
17,Cukai,4.25,103.4167,76.37,87,100,3.44,overcast clouds,2021-11-03 21:04:58
18,Arraial Do Cabo,-22.9661,-42.0278,73.36,83,40,11.5,scattered clouds,2021-11-03 20:58:11
19,Busselton,-33.65,115.3333,42.08,87,89,4.88,overcast clouds,2021-11-03 21:04:59
20,Rikitea,-23.1203,-134.9692,73.8,73,100,14.99,overcast clouds,2021-11-03 21:00:21
21,Gummidipundi,13.4,80.15,77.0,87,96,3.67,moderate rain,2021-11-03 21:04:59
22,Cidreira,-30.1811,-50.2056,68.59,94,100,16.87,overcast clouds,2021-11-03 21:01:48
23,Marsa Matruh,31.3525,27.2453,73.63,71,0,8.43,clear sky,2021-11-03 21:05:00
24,Vaini,-21.2,-175.2,77.67,80,97,14.79,overcast clouds,2021-11-03 21:02:02
25,Coihaique,-45.5752,-72.0662,50.61,66,90,9.22,light intensity shower rain,2021-11-03 21:05:00
26,Meulaboh,4.1363,96.1285,75.63,90,100,3.11,overcast clouds,2021-11-03 21:05:01
27,Sola,-13.8833,167.55,78.87,78,99,7.9,light rain,2021-11-03 21:05:01
28,Mao,39.8885,4.2658,54.16,76,0,3.44,clear sky,2021-11-03 21:01:18
29,Rantauprapat,2.1,99.8333,73.42,97,100,0.67,overcast clouds,2021-11-03 21:05:02
30,Ushuaia,-54.8,-68.3,46.53,84,100,7.67,overcast clouds,2021-11-03 21:00:43
31,Iqaluit,63.7506,-68.5145,20.7,79,65,10.0,broken clouds,2021-11-03 21:05:03
32,Hilo,19.7297,-155.09,82.26,65,40,4.61,scattered clouds,2021-11-03 20:57:30
33,Nikolskoye,59.7035,30.7861,44.87,89,100,9.42,light rain,2021-11-03 21:01:45
34,Paita,-5.0892,-81.1144,72.16,76,26,16.93,scattered clouds,2021-11-03 21:05:04
35,Lopandino,52.4666,34.8163,48.58,95,100,8.16,overcast clouds,2021-11-03 21:05:05
36,Hobart,-42.8794,147.3294,59.11,90,0,5.75,clear sky,2021-11-03 20:57:40
37,New Norfolk,-42.7826,147.0587,57.76,81,6,1.01,clear sky,2021-11-03 21:05:05
38,Kautokeino,69.0125,23.0412,34.65,99,100,8.08,overcast clouds,2021-11-03 21:05:06
39,Charters Towers,-20.1,146.2667,71.35,65,0,13.56,clear sky,2021-11-03 21:05:06
40,Tulum,20.2167,-87.4667,84.92,61,48,6.89,scattered clouds,2021-11-03 21:00:23
41,Berdigestyakh,62.0989,126.6992,10.51,99,95,3.56,overcast clouds,2021-11-03 21:00:39
42,Yatou,37.15,122.3833,53.55,76,0,5.68,clear sky,2021-11-03 21:05:07
43,Barrow,71.2906,-156.7887,26.62,80,90,16.11,mist,2021-11-03 21:04:16
44,Iquique,-20.2208,-70.1431,65.68,72,37,7.54,scattered clouds,2021-11-03 21:01:29
45,Bluff,-46.6,168.3333,56.8,65,29,4.63,scattered clouds,2021-11-03 21:01:49
46,Chokurdakh,70.6333,147.9167,-9.92,99,94,6.6,overcast clouds,2021-11-03 21:06:08
47,Ahipara,-35.1667,173.1667,57.72,71,80,5.77,broken clouds,2021-11-03 21:06:08
48,Pevek,69.7008,170.3133,-14.67,98,22,7.52,few clouds,2021-11-03 21:06:09
49,Port Elizabeth,-33.918,25.5701,56.1,84,0,4.38,clear sky,2021-11-03 21:06:09
50,Nalut,30.3333,10.85,74.43,22,4,12.8,clear sky,2021-11-03 21:06:09
51,Kupang,-10.1667,123.5833,79.63,85,91,8.1,overcast clouds,2021-11-03 21:06:10
52,Butaritari,3.0707,172.7902,83.17,71,100,15.73,overcast clouds,2021-11-03 21:06:10
53,Whitley Bay,55.0397,-1.4471,45.28,84,75,11.5,broken clouds,2021-11-03 21:02:01
54,Tabuk,17.4189,121.4443,71.01,93,46,2.64,scattered clouds,2021-11-03 21:06:11
55,Virginia Beach,36.8529,-75.978,54.05,52,14,1.01,few clouds,2021-11-03 21:06:11
56,Port Keats,-14.25,129.55,82.81,75,50,1.9,scattered clouds,2021-11-03 21:06:11
57,Amahai,-3.3333,128.9167,77.83,87,88,3.89,overcast clouds,2021-11-03 21:06:12
58,Mahuta,-10.8667,39.45,69.55,93,38,6.11,scattered clouds,2021-11-03 21:06:12
59,Qaanaaq,77.484,-69.3632,4.96,59,0,8.41,clear sky,2021-11-03 21:06:12
60,Pinotepa De Don Luis,16.4167,-97.9167,82.36,62,99,4.74,overcast clouds,2021-11-03 21:06:13
61,Point Fortin,10.1833,-61.6833,84.15,73,100,11.41,overcast clouds,2021-11-03 21:06:13
62,Hongjiang,27.11,109.9956,61.21,97,100,0.89,overcast clouds,2021-11-03 21:06:13
63,Muros,42.7762,-9.0603,52.23,94,80,8.48,broken clouds,2021-11-03 21:06:14
64,Mar Del Plata,-38.0023,-57.5575,64.42,99,40,8.99,scattered clouds,2021-11-03 21:06:14
65,Yaan,7.3833,8.5667,80.02,66,90,4.7,overcast clouds,2021-11-03 21:06:14
66,Ajaccio,42.0,8.9167,57.25,82,75,6.91,light rain,2021-11-03 21:06:15
67,Sao Joao Da Barra,-21.6403,-41.0511,75.29,85,33,16.84,scattered clouds,2021-11-03 21:03:59
68,Itarema,-2.9248,-39.9167,80.38,74,2,14.81,clear sky,2021-11-03 21:03:00
69,Inhambane,-23.865,35.3833,72.25,89,7,9.22,clear sky,2021-11-03 21:06:15
70,San Quintin,30.4833,-115.95,69.12,69,0,13.82,clear sky,2021-11-03 21:06:16
71,Tasiilaq,65.6145,-37.6368,30.36,82,24,8.3,few clouds,2021-11-03 21:06:16
72,Kodiak,57.79,-152.4072,42.28,72,79,15.77,broken clouds,2021-11-03 21:06:16
73,Ubinskoye,55.3068,79.6802,1.02,97,16,5.35,few clouds,2021-11-03 21:06:17
74,Lincoln,40.8,-96.667,49.44,69,90,4.0,overcast clouds,2021-11-03 21:03:30
75,Owando,-0.4819,15.8999,70.72,97,47,1.16,light rain,2021-11-03 21:06:17
76,Ancud,-41.8697,-73.8203,54.43,82,84,16.91,light rain,2021-11-03 21:06:17
77,Aklavik,68.2191,-135.0107,14.7,93,80,7.85,broken clouds,2021-11-03 21:06:18
78,Svetlogorsk,52.6333,29.7333,41.81,90,7,7.9,clear sky,2021-11-03 21:06:18
79,Asau,46.4333,26.4,45.75,63,96,2.71,light rain,2021-11-03 21:06:18
80,Mayo,38.8876,-76.5119,52.41,47,20,4.0,few clouds,2021-11-03 21:06:18
81,Khandyga,62.6667,135.6,15.26,97,100,3.67,overcast clouds,2021-11-03 21:06:19
82,Jamestown,42.097,-79.2353,40.71,69,96,5.01,overcast clouds,2021-11-03 20:58:38
83,Tiarei,-17.5333,-149.3333,84.22,80,42,14.67,light rain,2021-11-03 21:02:29
84,Saint-Pierre,-21.3393,55.4781,71.28,72,0,4.61,clear sky,2021-11-03 21:06:19
85,Tabou,4.423,-7.3528,78.21,84,86,6.4,overcast clouds,2021-11-03 21:06:20
86,Srednekolymsk,67.45,153.6833,-10.89,93,52,6.69,broken clouds,2021-11-03 21:06:20
87,Giresun,40.5,38.5,29.52,87,95,3.29,overcast clouds,2021-11-03 21:06:20
88,Kisoro,-1.2854,29.685,57.06,98,88,2.19,light rain,2021-11-03 21:06:21
89,Victoria,22.2855,114.1577,77.32,86,97,1.99,overcast clouds,2021-11-03 20:59:04
90,Avarua,-21.2078,-159.775,78.85,69,40,11.5,scattered clouds,2021-11-03 21:01:48
91,Pangnirtung,66.1451,-65.7125,14.09,83,95,5.59,overcast clouds,2021-11-03 21:07:21
92,Egvekinot,66.3167,-179.1667,0.21,80,100,11.27,overcast clouds,2021-11-03 21:07:21
93,Karpogory,64.0019,44.4451,37.92,86,100,9.33,overcast clouds,2021-11-03 21:07:22
94,Hamilton,39.1834,-84.5333,51.21,43,40,8.05,scattered clouds,2021-11-03 21:03:51
95,Lagoa,39.05,-27.9833,67.6,85,100,21.59,overcast clouds,2021-11-03 21:07:22
96,Okhotsk,59.3833,143.3,17.92,86,26,9.55,scattered clouds,2021-11-03 21:07:22
97,Sorkjosen,69.8,20.9333,41.43,87,100,9.44,overcast clouds,2021-11-03 21:03:10
98,Yinchuan,38.4681,106.2731,47.95,44,0,4.79,clear sky,2021-11-03 21:07:23
99,Yellowknife,62.456,-114.3525,41.41,96,76,9.46,broken clouds,2021-11-03 21:07:23
100,Pauini,-7.7136,-66.9764,87.75,53,97,2.62,moderate rain,2021-11-03 21:07:23
101,Rincon,32.296,-81.2354,66.85,72,75,8.05,broken clouds,2021-11-03 21:07:24
102,Georgetown,5.4112,100.3354,78.73,90,20,4.61,moderate rain,2021-11-03 21:00:34
103,Marzuq,14.4,46.4667,70.68,25,4,2.04,clear sky,2021-11-03 21:02:24
104,Coahuayana,18.7333,-103.6833,86.59,63,93,5.77,overcast clouds,2021-11-03 21:07:24
105,Thompson,55.7435,-97.8558,35.76,69,1,3.44,clear sky,2021-11-03 20:55:56
106,San Joaquin,37.9333,-121.3011,75.79,61,1,3.44,clear sky,2021-11-03 21:01:48
107,Korla,41.7597,86.1469,43.7,35,96,3.67,overcast clouds,2021-11-03 21:07:24
108,Tarakan,3.3,117.6333,78.3,89,75,9.22,moderate rain,2021-11-03 21:07:25
109,Ranong,9.9658,98.6348,77.11,90,93,4.41,overcast clouds,2021-11-03 21:07:25
110,Caucaia,-3.7361,-38.6531,82.35,77,0,9.22,clear sky,2021-11-03 21:07:25
111,Ginda,30.6945,78.4932,45.41,45,0,6.46,clear sky,2021-11-03 21:07:26
112,La Ronge,55.1001,-105.2842,43.2,37,3,4.16,clear sky,2021-11-03 21:07:26
113,Port Alfred,-33.5906,26.891,63.21,88,0,1.48,clear sky,2021-11-03 21:00:29
114,Seddon,-37.8068,144.8916,58.98,79,90,9.22,overcast clouds,2021-11-03 21:07:26
115,Bonthe,7.5264,-12.505,79.18,82,53,4.9,light rain,2021-11-03 21:07:27
116,Urambo,-5.0667,32.05,63.66,89,60,5.06,broken clouds,2021-11-03 21:07:27
117,Zyryanka,65.75,150.85,-4.77,91,80,4.97,broken clouds,2021-11-03 21:07:27
118,Vardo,70.3705,31.1107,41.2,93,75,13.8,broken clouds,2021-11-03 21:07:28
119,Libreville,0.3925,9.4537,75.22,100,75,4.61,thunderstorm with light rain,2021-11-03 21:07:28
120,Sumbe,-11.2061,13.8437,75.76,83,66,8.48,broken clouds,2021-11-03 21:04:17
121,Kapaa,22.0752,-159.319,81.12,59,15,1.01,light rain,2021-11-03 21:01:44
122,Longyearbyen,78.2186,15.6401,19.24,73,75,25.32,light shower snow,2021-11-03 20:59:24
123,Beyneu,45.3167,55.2,41.52,37,95,23.62,overcast clouds,2021-11-03 21:07:29
124,Grand Gaube,-20.0064,57.6608,73.38,78,3,1.99,clear sky,2021-11-03 21:07:29
125,Airai,-8.9266,125.4092,60.84,90,89,3.4,overcast clouds,2021-11-03 21:01:44
126,Itaituba,-4.2761,-55.9836,85.06,64,95,1.99,light rain,2021-11-03 21:07:30
127,Guerrero Negro,27.9769,-114.0611,72.55,62,3,13.44,clear sky,2021-11-03 21:07:30
128,Rapid City,44.0805,-103.231,62.33,37,1,1.01,clear sky,2021-11-03 21:07:30
129,Huarmey,-10.0681,-78.1522,68.56,74,57,9.51,broken clouds,2021-11-03 21:07:31
130,San Cristobal,7.7669,-72.225,75.38,65,100,1.5,overcast clouds,2021-11-03 21:04:29
131,Bandarbeyla,9.4942,50.8122,77.04,69,31,8.9,scattered clouds,2021-11-03 21:07:31
132,Isangel,-19.55,169.2667,75.04,67,56,10.65,broken clouds,2021-11-03 21:07:31
133,Sao Gabriel Da Cachoeira,-0.1303,-67.0892,80.42,89,98,2.08,overcast clouds,2021-11-03 21:07:32
134,Komsomolskiy,40.4272,71.7189,52.52,46,75,4.61,broken clouds,2021-11-03 21:07:32
135,Hay River,60.8156,-115.7999,42.15,59,98,13.13,overcast clouds,2021-11-03 21:07:01
136,Esperance,-33.8667,121.9,55.6,74,12,7.54,few clouds,2021-11-03 21:07:32
137,Hithadhoo,-0.6,73.0833,82.15,76,85,15.93,overcast clouds,2021-11-03 21:08:33
138,Kahului,20.8947,-156.47,84.97,74,40,21.85,scattered clouds,2021-11-03 21:03:03
139,Nikki,9.9401,3.2108,79.32,41,9,4.43,clear sky,2021-11-03 21:08:33
140,Bilma,18.6853,12.9164,83.8,16,1,5.66,clear sky,2021-11-03 21:00:25
141,Cayenne,4.9333,-52.3333,84.24,78,0,5.01,clear sky,2021-11-03 21:00:30
142,Lebu,-37.6167,-73.65,54.84,61,3,9.62,clear sky,2021-11-03 21:08:34
143,Saskylakh,71.9167,114.0833,-8.59,93,69,9.17,broken clouds,2021-11-03 21:08:34
144,Buchanan,5.8808,-10.0467,79.92,79,53,6.82,broken clouds,2021-11-03 21:08:34
145,Rudsar,37.1376,50.288,63.59,93,98,2.68,overcast clouds,2021-11-03 21:08:35
146,Saldanha,-33.0117,17.9442,60.04,85,5,7.2,clear sky,2021-11-03 21:08:35
147,Vila Franca Do Campo,37.7167,-25.4333,68.2,90,100,10.71,overcast clouds,2021-11-03 21:08:35
148,Howard,39.2504,-76.933,51.01,49,48,1.01,scattered clouds,2021-11-03 21:05:56
149,Mataura,-46.1927,168.8643,56.48,49,30,2.33,scattered clouds,2021-11-03 21:01:50
150,Salalah,17.0151,54.0924,77.09,65,0,4.61,clear sky,2021-11-03 21:08:36
151,Katsuura,35.1333,140.3,59.14,65,92,9.33,overcast clouds,2021-11-03 21:08:36
152,Norman Wells,65.282,-126.8329,21.0,81,6,4.59,clear sky,2021-11-03 21:08:36
153,Puerto Ayora,-0.7393,-90.3518,80.56,76,83,10.04,broken clouds,2021-11-03 21:08:37
154,Villa Maria,-32.4075,-63.2402,79.83,57,0,9.66,clear sky,2021-11-03 21:08:37
155,Monrovia,6.3005,-10.7969,79.43,80,8,6.33,clear sky,2021-11-03 21:06:44
156,Kruisfontein,-34.0033,24.7314,53.89,77,0,3.09,clear sky,2021-11-03 21:08:37
157,Puerto Ayacucho,5.6639,-67.6236,83.95,76,99,3.96,overcast clouds,2021-11-03 21:08:38
158,Souillac,-20.5167,57.5167,73.36,83,11,7.25,few clouds,2021-11-03 21:08:38
159,Pisco,-13.7,-76.2167,69.85,73,0,10.36,clear sky,2021-11-03 21:08:05
160,Saint-Philippe,-21.3585,55.7679,71.19,80,4,6.64,clear sky,2021-11-03 21:01:49
161,Launceston,-41.45,147.1667,61.61,71,75,5.99,broken clouds,2021-11-03 21:08:38
162,Carnarvon,-24.8667,113.6333,66.72,71,0,19.8,clear sky,2021-11-03 21:08:39
163,Koshurnikovo,54.1667,93.3,4.42,71,100,3.4,overcast clouds,2021-11-03 21:08:39
164,Posse,-14.0931,-46.3694,72.77,80,99,1.57,overcast clouds,2021-11-03 21:08:39
165,Cayhagan,9.6697,122.4256,77.81,86,99,6.93,overcast clouds,2021-11-03 21:08:39
166,Margate,51.3813,1.3862,47.97,94,100,23.24,overcast clouds,2021-11-03 21:08:40
167,Balabac,7.9868,117.0645,81.12,82,100,11.12,overcast clouds,2021-11-03 21:08:40
168,Taoudenni,22.6783,-3.9836,87.96,15,0,5.28,clear sky,2021-11-03 21:08:40
169,Kungurtug,50.5994,97.5228,1.83,77,97,4.56,overcast clouds,2021-11-03 21:08:41
170,Olga,43.7444,135.2892,37.42,91,91,4.68,overcast clouds,2021-11-03 21:08:41
171,Dingle,10.9995,122.6711,75.31,93,94,6.62,overcast clouds,2021-11-03 21:08:41
172,Mahebourg,-20.4081,57.7,73.26,80,18,7.99,few clouds,2021-11-03 21:00:28
173,Hit,33.6416,42.8251,72.72,47,4,14.0,clear sky,2021-11-03 21:08:42
174,Ornskoldsvik,63.2909,18.7153,42.62,100,90,2.3,light rain,2021-11-03 21:08:42
175,Dalian,38.9122,121.6022,46.33,93,90,2.24,fog,2021-11-03 21:08:42
176,Anadyr,64.75,177.4833,-16.01,82,78,11.01,broken clouds,2021-11-03 21:08:43
177,Marsabit,2.3284,37.9899,71.38,53,68,11.54,broken clouds,2021-11-03 21:08:43
178,Namatanai,-3.6667,152.4333,81.21,81,89,7.74,light rain,2021-11-03 21:08:43
179,Castro,-24.7911,-50.0119,70.61,68,75,2.17,broken clouds,2021-11-03 21:01:47
180,La Rioja,42.25,-2.5,40.78,86,17,6.71,few clouds,2021-11-03 21:08:44
181,Praia Da Vitoria,38.7333,-27.0667,65.75,98,100,20.42,overcast clouds,2021-11-03 21:08:44
182,Tigil,57.8,158.6667,30.27,89,44,15.86,scattered clouds,2021-11-03 21:08:44
183,Zhangye,38.9342,100.4517,41.02,30,0,6.85,clear sky,2021-11-03 21:08:45
184,Polis,35.0367,32.4264,66.02,94,5,1.43,clear sky,2021-11-03 21:08:45
185,Camacha,33.0833,-16.3333,69.53,83,40,8.05,scattered clouds,2021-11-03 21:09:45
186,Brae,60.3964,-1.353,42.71,82,100,28.66,overcast clouds,2021-11-03 21:09:46
187,Clyde River,70.4692,-68.5914,21.56,86,97,32.21,light snow,2021-11-03 21:09:46
188,Koundara,12.4833,-13.3,81.09,67,57,5.17,light rain,2021-11-03 21:09:46
189,Vila Velha,-20.3297,-40.2925,76.95,73,75,14.97,broken clouds,2021-11-03 21:09:47
190,Arona,28.0996,-16.681,66.7,68,75,5.75,broken clouds,2021-11-03 21:09:47
191,North Bend,43.4065,-124.2243,67.95,94,90,5.75,overcast clouds,2021-11-03 21:05:11
192,Champasak,14.75,106.0,70.7,91,100,1.23,overcast clouds,2021-11-03 21:09:47
193,Khatanga,71.9667,102.5,7.02,91,100,17.74,light snow,2021-11-03 21:09:48
194,Brokopondo,4.75,-55.1667,84.07,69,65,6.38,broken clouds,2021-11-03 21:09:48
195,Mehamn,71.0357,27.8492,41.18,87,75,19.57,broken clouds,2021-11-03 21:09:48
196,Epe,6.5841,3.9834,77.43,90,69,5.5,broken clouds,2021-11-03 21:09:49
197,Port Lincoln,-34.7333,135.8667,56.64,75,6,7.49,clear sky,2021-11-03 21:09:49
198,Saint-Augustin,51.226,-58.6502,41.36,54,4,11.45,clear sky,2021-11-03 21:09:49
199,Sorata,-15.7667,-68.6333,53.92,71,39,10.74,scattered clouds,2021-11-03 21:09:50
200,Klaksvik,62.2266,-6.589,38.32,66,99,17.49,overcast clouds,2021-11-03 21:09:50
201,Sukpak,51.6667,94.6333,1.11,61,1,5.21,clear sky,2021-11-03 21:09:50
202,Provideniya,64.3833,-173.3,11.39,81,100,12.53,overcast clouds,2021-11-03 21:09:51
203,Narsaq,60.9167,-46.05,35.82,98,100,4.34,light rain,2021-11-03 21:03:00
204,Bathsheba,13.2167,-59.5167,83.01,69,20,10.36,few clouds,2021-11-03 21:09:51
205,Nome,64.5011,-165.4064,24.87,80,75,4.61,broken clouds,2021-11-03 21:09:51
206,Thomasville,35.8826,-80.082,54.45,51,90,6.33,overcast clouds,2021-11-03 21:09:52
207,San Jose,37.3394,-121.895,78.37,53,20,5.75,few clouds,2021-11-03 21:08:57
208,Clifton,40.8584,-74.1638,51.84,46,1,1.01,clear sky,2021-11-03 21:07:34
209,Cap Malheureux,-19.9842,57.6142,72.46,78,2,1.99,clear sky,2021-11-03 21:09:52
210,Bochnia,49.9691,20.4303,49.37,81,100,12.35,overcast clouds,2021-11-03 21:09:52
211,Faya,18.3851,42.4509,55.92,32,5,3.69,clear sky,2021-11-03 21:09:53
212,Najran,17.4924,44.1277,63.14,34,0,0.74,clear sky,2021-11-03 21:09:53
213,Xining,36.6167,101.7667,34.05,50,1,2.19,clear sky,2021-11-03 21:09:53
214,Almeirim,-1.5233,-52.5817,84.74,61,99,2.06,overcast clouds,2021-11-03 21:09:54
215,Shimoda,34.6667,138.95,60.39,75,24,6.15,few clouds,2021-11-03 21:09:54
216,Beian,63.6559,9.5683,45.01,100,20,4.61,few clouds,2021-11-03 21:09:54
217,Kudahuvadhoo,2.6708,72.8944,83.14,76,100,19.46,overcast clouds,2021-11-03 21:09:54
218,Mbandaka,0.0487,18.2603,72.05,95,97,2.95,light rain,2021-11-03 21:09:55
219,Geraldton,-28.7667,114.6,52.21,87,0,6.91,clear sky,2021-11-03 21:00:27
220,Harboore,56.6175,8.1807,39.97,84,19,7.96,few clouds,2021-11-03 21:09:55
221,Khash,28.2211,61.2158,59.59,12,100,0.63,overcast clouds,2021-11-03 21:09:55
222,Kaeo,-35.1,173.7833,61.32,72,90,7.67,overcast clouds,2021-11-03 21:09:56
223,Domodossola,46.1165,8.2931,49.6,95,100,1.99,overcast clouds,2021-11-03 21:09:56
224,Bandar,2.05,99.75,73.27,97,100,0.98,light rain,2021-11-03 21:09:56
225,Raudeberg,61.9875,5.1352,45.27,71,8,4.27,clear sky,2021-11-03 21:01:44
226,Bom Conselho,-9.1697,-36.6797,80.02,53,100,15.12,overcast clouds,2021-11-03 21:09:57
227,Griffith,41.5284,-87.4237,46.0,47,40,1.99,scattered clouds,2021-11-03 21:09:57
228,Ayan,56.45,138.1667,28.6,71,100,5.82,overcast clouds,2021-11-03 21:09:57
229,Thinadhoo,0.5333,72.9333,83.14,73,77,17.4,broken clouds,2021-11-03 21:09:58
230,Mgachi,51.05,142.2667,28.56,95,69,5.97,broken clouds,2021-11-03 21:09:58
231,East London,-33.0153,27.9116,64.2,84,0,9.08,clear sky,2021-11-03 21:09:58
232,Karratha,-20.7377,116.8463,71.2,71,13,7.94,few clouds,2021-11-03 21:09:58
233,Carutapera,-1.195,-46.02,80.02,78,100,7.0,overcast clouds,2021-11-03 21:10:59
234,Steamboat Springs,40.485,-106.8317,51.73,75,75,0.0,mist,2021-11-03 21:10:59
235,Kavieng,-2.5744,150.7967,82.31,80,100,15.48,light rain,2021-11-03 21:10:59
236,Urdoma,61.7533,48.5442,31.41,92,32,8.46,scattered clouds,2021-11-03 21:11:00
237,Nanortalik,60.1432,-45.2371,38.25,88,100,6.38,light rain,2021-11-03 21:11:00
238,Gat,31.61,34.7642,68.81,75,0,7.25,clear sky,2021-11-03 21:11:00
239,Baghdad,33.3406,44.4009,73.31,46,0,13.8,clear sky,2021-11-03 21:09:40
240,Sevierville,35.8681,-83.5618,53.8,60,90,6.91,overcast clouds,2021-11-03 21:11:01
241,Husavik,66.0449,-17.3389,35.67,77,88,18.97,overcast clouds,2021-11-03 21:11:02
242,Kaniama,-7.5667,24.1833,64.35,97,70,2.24,broken clouds,2021-11-03 21:11:02
243,Fukue,32.6881,128.8419,65.28,57,4,17.49,clear sky,2021-11-03 21:11:03
244,Bredasdorp,-34.5322,20.0403,59.77,70,2,6.98,clear sky,2021-11-03 21:11:04
245,Sirjan,29.452,55.6814,58.5,38,0,6.17,clear sky,2021-11-03 21:11:05
246,Chumikan,54.7183,135.315,26.31,77,99,8.34,overcast clouds,2021-11-03 21:11:05
247,Formosa,-26.1775,-58.1781,87.78,48,0,6.91,clear sky,2021-11-03 21:06:14
248,Lujan,-34.5703,-59.105,79.21,69,93,1.99,overcast clouds,2021-11-03 21:11:05
249,Carnot,4.9409,15.8665,69.04,92,74,0.38,broken clouds,2021-11-03 21:11:06
250,Bethel,41.3712,-73.414,50.56,53,20,1.99,few clouds,2021-11-03 21:10:38
251,Neyshabur,36.2133,58.7958,59.22,38,91,1.74,overcast clouds,2021-11-03 21:11:06
252,Kawalu,-7.3817,108.2082,72.1,98,93,0.67,overcast clouds,2021-11-03 21:11:06
253,Mancora,-4.1078,-81.0475,72.18,62,27,15.97,scattered clouds,2021-11-03 21:11:07
254,Bambous Virieux,-20.3428,57.7575,72.21,79,26,8.37,scattered clouds,2021-11-03 21:11:07
255,Pacific Grove,36.6177,-121.9166,78.62,72,1,3.0,clear sky,2021-11-03 21:06:55
256,Cherskiy,68.75,161.3,-18.87,98,85,6.49,overcast clouds,2021-11-03 21:11:07
257,Ucluelet,48.9329,-125.5528,54.09,92,100,1.01,moderate rain,2021-11-03 21:10:28
258,Palmer,42.1584,-72.3287,49.55,49,20,4.0,few clouds,2021-11-03 21:11:08
259,Ugoofaaru,5.6667,73.0,81.86,79,96,18.9,overcast clouds,2021-11-03 21:11:08
260,Santa Isabel Do Rio Negro,-0.4139,-65.0192,86.23,69,99,1.68,light rain,2021-11-03 21:11:08
261,Zhenhai,24.2582,118.0905,71.08,81,95,11.32,overcast clouds,2021-11-03 21:11:09
262,Bonfim,3.0833,-59.95,88.61,55,98,4.47,overcast clouds,2021-11-03 21:11:09
263,Monroe,43.1501,-77.6831,44.96,61,75,5.75,broken clouds,2021-11-03 21:11:09
264,Leningradskiy,69.3833,178.4167,-8.79,91,31,6.55,scattered clouds,2021-11-03 21:11:10
265,Fortuna,40.5982,-124.1573,74.86,58,75,8.99,broken clouds,2021-11-03 21:11:10
266,Kurmanayevka,52.5093,52.0675,28.4,31,3,12.33,clear sky,2021-11-03 21:11:10
267,Quatre Cocos,-20.2078,57.7625,72.09,79,28,9.06,scattered clouds,2021-11-03 21:11:11
268,Novopokrovka,49.8425,36.5477,52.18,97,100,4.41,overcast clouds,2021-11-03 21:11:11
269,Fethiye,36.6217,29.1164,62.47,65,2,3.51,clear sky,2021-11-03 21:11:11
270,Waitati,-45.75,170.5667,52.81,53,0,12.57,clear sky,2021-11-03 21:11:12
271,Tilichiki,60.4667,166.1,12.07,95,100,4.88,overcast clouds,2021-11-03 21:11:12
272,Nioro,13.35,-15.75,78.89,74,17,7.16,few clouds,2021-11-03 21:11:12
273,Hobyo,5.3505,48.5268,80.26,74,45,8.46,scattered clouds,2021-11-03 21:11:13
274,Mecca,21.4267,39.8261,80.37,61,0,3.67,clear sky,2021-11-03 21:11:13
275,Aguimes,27.9054,-15.4461,68.63,66,20,10.36,few clouds,2021-11-03 21:11:13
276,Venado Tuerto,-33.7456,-61.9688,77.79,50,3,8.03,clear sky,2021-11-03 21:11:13
277,Guia De Isora,28.2115,-16.7795,67.12,72,62,3.53,broken clouds,2021-11-03 21:11:14
278,Catio,11.2833,-15.25,78.69,86,6,2.44,light rain,2021-11-03 21:12:14
279,Talnakh,69.4865,88.3972,1.4,97,100,13.11,light snow,2021-11-03 21:12:14
280,Pizarro,4.9533,-77.366,79.93,76,55,6.15,light rain,2021-11-03 21:12:15
281,Nhulunbuy,-12.2333,136.7667,81.21,89,7,0.0,clear sky,2021-11-03 21:12:15
282,Listvyanskiy,54.4399,83.4984,-1.8,99,88,0.89,overcast clouds,2021-11-03 21:12:15
283,Kamen-Rybolov,44.7481,132.0403,42.57,92,100,7.0,overcast clouds,2021-11-03 21:12:16
284,Ostrovnoy,68.0531,39.5131,37.81,92,95,25.68,overcast clouds,2021-11-03 21:12:16
285,Huaihua,27.5494,109.9592,58.93,98,100,3.31,overcast clouds,2021-11-03 21:12:16
286,Padre Paraiso,-17.0742,-41.4844,70.16,90,64,1.81,broken clouds,2021-11-03 21:12:17
287,Polewali,-3.4324,119.3435,76.91,88,87,3.11,overcast clouds,2021-11-03 21:12:17
288,Hastings,50.8552,0.5729,47.98,86,87,16.33,overcast clouds,2021-11-03 21:12:17
289,Biryusinsk,55.9634,97.8235,6.06,75,100,13.53,overcast clouds,2021-11-03 21:12:18
290,Deputatskiy,69.3,139.9,-3.93,96,100,4.45,overcast clouds,2021-11-03 21:12:18
291,Gravdal,68.1214,13.5031,46.08,100,40,1.14,scattered clouds,2021-11-03 21:12:18
292,Aswan,24.0934,32.907,80.29,29,0,8.25,clear sky,2021-11-03 21:12:19
293,Pangody,65.85,74.4859,20.91,94,100,13.51,overcast clouds,2021-11-03 21:12:19
294,Evans,33.5337,-82.1307,63.61,57,1,1.99,clear sky,2021-11-03 21:12:19
295,Los Llanos De Aridane,28.6585,-17.9182,67.75,77,75,7.0,volcanic ash,2021-11-03 21:12:19
296,Kalemie,-5.9475,29.1947,70.05,88,98,6.96,overcast clouds,2021-11-03 21:12:20
297,Sembakung,3.8167,117.25,78.73,99,88,2.13,overcast clouds,2021-11-03 21:12:20
298,Flin Flon,54.7682,-101.865,40.91,33,0,4.65,clear sky,2021-11-03 21:12:20
299,Simpang,-1.2667,104.0833,73.36,98,90,2.46,overcast clouds,2021-11-03 21:12:21
300,Puerto Escondido,15.85,-97.0667,83.23,74,1,11.5,clear sky,2021-11-03 21:03:04
301,San Patricio,28.017,-97.5169,84.29,59,99,6.62,overcast clouds,2021-11-03 21:12:21
302,Dunedin,-45.8742,170.5036,52.81,53,2,23.0,clear sky,2021-11-03 21:12:21
303,Yulara,-25.2406,130.9889,73.04,52,100,12.03,overcast clouds,2021-11-03 21:12:22
304,Nouadhibou,20.931,-17.0347,70.5,74,52,18.5,broken clouds,2021-11-03 21:12:22
305,Tessalit,20.1986,1.0114,84.27,13,0,9.15,clear sky,2021-11-03 21:12:22
306,Paciran,-6.8767,112.3761,80.64,79,96,1.66,overcast clouds,2021-11-03 21:12:23
307,Saint-Georges,12.0564,-61.7485,83.88,65,20,11.5,few clouds,2021-11-03 21:11:13
308,Mount Gambier,-37.8333,140.7667,49.91,100,40,0.0,scattered clouds,2021-11-03 21:12:23
309,Paso De Los Toros,-32.8167,-56.5167,71.28,82,92,12.55,overcast clouds,2021-11-03 21:10:19
310,Laguna,38.421,-121.4238,76.44,62,1,1.01,clear sky,2021-11-03 21:12:23
311,Helong,42.5397,128.9972,37.58,87,10,4.63,clear sky,2021-11-03 21:12:24
312,Dwarka,22.2394,68.9678,80.19,59,100,10.98,overcast clouds,2021-11-03 21:12:24
313,Hellin,38.5106,-1.701,53.15,55,6,10.56,clear sky,2021-11-03 21:12:24
314,Tuatapere,-46.1333,167.6833,56.82,50,7,1.54,clear sky,2021-11-03 21:12:25
315,Akonolinga,3.7667,12.25,67.8,98,86,0.54,overcast clouds,2021-11-03 21:12:25
316,Erenhot,43.6475,111.9767,39.43,40,6,8.37,clear sky,2021-11-03 21:12:25
317,Port Macquarie,-31.4333,152.9167,66.16,71,93,9.42,light rain,2021-11-03 21:12:25
318,Pucallpa,-8.3791,-74.5539,73.44,100,75,10.36,thunderstorm with light rain,2021-11-03 21:12:26
319,Hasaki,35.7333,140.8333,50.4,56,73,8.23,broken clouds,2021-11-03 21:12:26
320,Zelenogorskiy,55.0333,87.0,-3.48,97,100,3.0,overcast clouds,2021-11-03 21:12:26
321,Rocha,-34.4833,-54.3333,65.01,97,100,10.0,overcast clouds,2021-11-03 21:08:58
322,Harwich,51.9419,1.2844,48.0,91,100,8.99,overcast clouds,2021-11-03 21:12:27
323,Rio Grande,-32.035,-52.0986,73.51,90,68,16.82,broken clouds,2021-11-03 21:12:27
324,Alofi,-19.0595,-169.9187,82.29,74,75,11.5,light rain,2021-11-03 21:11:54
325,Varzob,38.7737,68.8178,44.33,35,70,4.94,broken clouds,2021-11-03 21:13:27
326,Kaitangata,-46.2817,169.8464,52.77,48,7,5.06,clear sky,2021-11-03 21:13:28
327,Horodnytsya,50.807,27.3168,41.83,76,60,6.42,broken clouds,2021-11-03 21:13:28
328,Severo-Kurilsk,50.6789,156.125,36.63,79,50,3.51,scattered clouds,2021-11-03 21:08:58
329,Acandi,8.5063,-77.2778,79.12,91,86,3.06,overcast clouds,2021-11-03 21:13:28
330,Port Blair,11.6667,92.75,80.49,81,28,4.68,scattered clouds,2021-11-03 21:13:29
331,Dogondoutchi,13.6393,4.0287,87.82,13,7,5.35,clear sky,2021-11-03 21:13:29
332,Ferme-Neuve,46.7001,-75.4493,36.41,53,99,5.84,overcast clouds,2021-11-03 21:13:29
333,Alcala De Henares,40.4821,-3.36,48.52,73,0,5.75,clear sky,2021-11-03 21:13:30
334,Vrede,-27.4257,29.1659,55.96,36,3,1.19,clear sky,2021-11-03 21:13:30
335,Nuevo Progreso,23.1667,-97.95,88.59,45,75,5.99,broken clouds,2021-11-03 21:13:30
336,Barraute,48.4335,-77.6328,32.27,58,100,5.48,overcast clouds,2021-11-03 21:13:30
337,Pathein,16.7833,94.7333,75.09,94,99,2.89,overcast clouds,2021-11-03 21:13:31
338,General Pico,-35.6566,-63.7568,80.15,47,68,12.5,broken clouds,2021-11-03 21:13:31
339,Ndele,8.4109,20.6473,74.57,77,67,3.22,broken clouds,2021-11-03 21:13:31
340,Avera,33.194,-82.5271,63.91,46,61,7.52,broken clouds,2021-11-03 21:13:32
341,Skibbereen,51.55,-9.2667,44.4,76,12,15.73,few clouds,2021-11-03 21:13:32
342,Halifax,44.6453,-63.5724,46.53,95,75,2.3,broken clouds,2021-11-03 21:13:32
343,Poya,-21.35,165.15,73.94,62,1,6.2,clear sky,2021-11-03 21:13:33
344,Saint Augustine,29.8947,-81.3145,76.48,80,90,12.66,overcast clouds,2021-11-03 21:08:57
345,Codrington,-38.2667,141.9667,55.09,85,16,7.38,few clouds,2021-11-03 21:13:33
346,Broome,42.2506,-75.833,45.7,62,75,1.99,broken clouds,2021-11-03 21:13:33
347,Teguise,29.0605,-13.564,68.22,78,20,12.66,few clouds,2021-11-03 21:13:33
348,Saint-Joseph,-21.3667,55.6167,70.18,78,2,6.87,clear sky,2021-11-03 21:13:34
349,Kavaratti,10.5669,72.642,81.57,78,100,11.45,overcast clouds,2021-11-03 21:13:34
350,Vicuna,-30.0319,-70.7081,51.53,36,6,8.66,clear sky,2021-11-03 21:13:34
351,Lanzhou,36.0564,103.7922,45.21,67,1,0.83,clear sky,2021-11-03 21:13:35
352,Jamapa,19.0333,-96.2333,84.27,43,40,4.61,scattered clouds,2021-11-03 21:13:35
353,Lompoc,34.6391,-120.4579,86.02,65,1,18.41,clear sky,2021-11-03 21:13:35
354,Yar-Sale,66.8333,70.8333,26.37,86,100,13.65,overcast clouds,2021-11-03 21:13:36
355,Motygino,58.1831,94.7592,5.25,80,100,10.16,overcast clouds,2021-11-03 21:13:36
356,Saint-Louis,16.3333,-15.0,92.25,19,4,8.93,clear sky,2021-11-03 21:13:36
357,Dubbo,-32.25,148.6167,60.93,88,90,4.61,light rain,2021-11-03 21:10:34
358,Porto Novo,6.4965,2.6036,79.02,82,21,6.33,few clouds,2021-11-03 21:13:37
359,Ichnya,50.8626,32.3942,44.26,89,13,5.46,few clouds,2021-11-03 21:13:37
360,Akyab,20.15,92.9,76.8,73,99,6.38,overcast clouds,2021-11-03 21:13:37
361,Pailon,-17.65,-62.75,92.03,38,33,5.12,scattered clouds,2021-11-03 21:13:37
362,Ubatuba,-23.4339,-45.0711,71.29,88,70,3.33,broken clouds,2021-11-03 21:13:05
363,Saint Anthony,45.0205,-93.218,46.9,45,75,1.01,broken clouds,2021-11-03 21:13:38
364,Guiong,6.4186,122.0258,78.71,85,99,3.24,overcast clouds,2021-11-03 21:13:38
365,Labuhan,-6.8844,112.2051,80.22,80,97,1.83,overcast clouds,2021-11-03 21:13:38
366,Bayan,46.0833,127.4,36.27,82,16,2.17,few clouds,2021-11-03 21:13:39
367,Nabire,-3.3667,135.4833,75.49,92,73,3.06,broken clouds,2021-11-03 21:13:39
368,Atar,20.5169,-13.0499,84.51,14,34,8.34,scattered clouds,2021-11-03 21:13:39
369,Eyl,7.9803,49.8164,77.86,78,100,8.16,overcast clouds,2021-11-03 21:13:40
370,Lorengau,-2.0226,147.2712,81.81,81,88,11.34,moderate rain,2021-11-03 21:13:40
371,Homer,59.6425,-151.5483,44.49,84,40,4.61,scattered clouds,2021-11-03 21:14:40
372,Mezen,65.8522,44.24,36.64,95,54,11.81,broken clouds,2021-11-03 21:14:41
373,Beringovskiy,63.05,179.3167,-0.35,84,4,9.15,clear sky,2021-11-03 21:14:41
374,Siguiri,11.6667,-9.5,77.85,69,42,3.04,light rain,2021-11-03 21:14:41
375,Hambantota,6.1241,81.1185,78.96,85,100,12.41,overcast clouds,2021-11-03 21:14:41
376,Leh,34.1667,77.5833,18.73,77,69,2.44,broken clouds,2021-11-03 21:14:42
377,Vurpar,46.0,23.4667,57.88,70,100,3.47,overcast clouds,2021-11-03 21:14:42
378,Teya,60.3778,92.6267,-0.36,94,70,3.22,broken clouds,2021-11-03 21:14:42
379,Ambulu,-8.345,113.6058,76.15,92,100,1.63,overcast clouds,2021-11-03 21:14:43
380,Prainha,-1.8,-53.48,84.29,63,70,3.29,broken clouds,2021-11-03 21:14:43
381,Yumbing,9.2393,124.6578,81.05,83,100,6.02,overcast clouds,2021-11-03 21:14:43
382,Constitucion,-35.3333,-72.4167,54.41,73,100,12.48,overcast clouds,2021-11-03 21:14:43
383,Anlu,31.1661,112.5831,61.09,83,87,3.18,overcast clouds,2021-11-03 21:14:44
384,Qaqortoq,60.7167,-46.0333,36.1,94,100,5.88,light rain,2021-11-03 21:14:44
385,Auki,-8.7676,160.7034,79.14,83,17,3.06,few clouds,2021-11-03 21:14:44
386,Bukoba,-1.3317,31.8122,66.16,82,99,1.68,light rain,2021-11-03 21:14:45
387,Rosarno,38.4841,15.979,72.14,89,0,11.01,clear sky,2021-11-03 21:14:45
388,Knysna,-34.0363,23.0471,58.78,67,0,4.43,clear sky,2021-11-03 21:14:45
389,Civitavecchia,42.0933,11.7967,64.2,96,99,21.32,moderate rain,2021-11-03 21:14:46
390,Tacoronte,28.4769,-16.4102,67.14,79,20,10.0,few clouds,2021-11-03 21:10:17
391,Solnechnyy,50.7214,136.6319,30.76,45,100,2.77,overcast clouds,2021-11-03 21:14:46
392,Daia,44.0,25.9833,55.26,75,94,8.14,overcast clouds,2021-11-03 21:14:46
393,Poum,-20.2333,164.0167,72.61,71,19,7.4,few clouds,2021-11-03 21:14:46
394,Kutum,14.2,24.6667,75.38,26,11,11.79,few clouds,2021-11-03 21:14:47
395,Mount Isa,-20.7333,139.5,73.17,83,8,0.0,clear sky,2021-11-03 21:14:47
396,Ponta Do Sol,32.6667,-17.1,73.0,75,100,7.36,overcast clouds,2021-11-03 21:14:47
397,Dakar,14.6937,-17.4441,79.68,76,100,9.08,overcast clouds,2021-11-03 21:11:09
398,Duiwelskloof,-23.6934,30.14,68.97,63,4,3.51,clear sky,2021-11-03 21:14:48
399,Lavrentiya,65.5833,-171.0,23.99,94,100,11.05,light snow,2021-11-03 21:14:48
400,Sorong,-0.8833,131.25,77.63,87,100,5.61,overcast clouds,2021-11-03 21:14:48
401,Talaya,61.3833,152.75,2.91,94,69,2.68,broken clouds,2021-11-03 21:14:49
402,Jales,-20.2689,-50.5458,79.45,60,55,8.1,broken clouds,2021-11-03 21:14:49
403,Alamosa,37.4695,-105.87,57.34,32,1,0.0,clear sky,2021-11-03 21:14:49
404,Te Anau,-45.4167,167.7167,53.49,65,18,0.58,few clouds,2021-11-03 21:14:50
405,Port-Gentil,-0.7193,8.7815,78.55,86,95,12.75,light rain,2021-11-03 21:14:50
406,Kilimatinde,-5.85,34.95,77.05,56,81,3.87,broken clouds,2021-11-03 21:14:50
407,Murchison,-41.8,172.3333,55.27,37,99,2.57,overcast clouds,2021-11-03 21:14:50
408,Invermere,50.5167,-116.0354,46.44,73,84,3.4,broken clouds,2021-11-03 21:14:51
409,Port Augusta,-32.5,137.7667,59.14,69,0,8.63,clear sky,2021-11-03 21:14:51
410,Victor Harbor,-35.5667,138.6167,61.0,72,4,8.59,clear sky,2021-11-03 21:14:51
411,Abbeville,50.1,1.8333,45.28,89,33,4.0,scattered clouds,2021-11-03 21:14:52
412,Shingu,33.7333,135.9833,53.15,66,76,5.95,broken clouds,2021-11-03 21:14:52
413,Renigunta,13.65,79.5167,75.45,93,97,1.3,overcast clouds,2021-11-03 21:14:52
414,Benghazi,32.1167,20.0667,77.67,48,0,7.18,clear sky,2021-11-03 21:14:53
415,Belawan,3.7755,98.6832,77.29,89,100,5.1,overcast clouds,2021-11-03 21:14:53
416,Fairbanks,64.8378,-147.7164,35.6,90,75,3.44,light snow,2021-11-03 21:10:47
417,Nantucket,41.2835,-70.0995,51.1,55,6,17.16,clear sky,2021-11-03 21:14:53
418,Tocopilla,-22.092,-70.1979,66.99,64,20,9.13,few clouds,2021-11-03 21:15:54
419,Sur,22.5667,59.5289,75.65,63,45,2.71,scattered clouds,2021-11-03 21:15:54
420,Luancheng,37.8792,114.6517,39.36,45,0,4.05,clear sky,2021-11-03 21:15:54
421,Ishigaki,24.3448,124.1572,73.53,78,75,12.66,broken clouds,2021-11-03 21:15:55
422,Almonte,37.2647,-6.5167,59.29,58,34,8.01,scattered clouds,2021-11-03 21:15:44
423,Maneadero,31.7167,-116.5667,78.19,82,2,3.0,clear sky,2021-11-03 21:15:55
424,Kaputa,-8.4689,29.6619,72.73,75,37,2.01,scattered clouds,2021-11-03 21:15:55
425,Asyut,27.181,31.1837,74.39,42,0,7.78,clear sky,2021-11-03 21:15:56
426,Kalianget,-7.05,113.9333,81.9,73,100,3.71,overcast clouds,2021-11-03 21:15:56
427,Severo-Yeniseyskiy,60.3725,93.0408,-4.4,96,79,4.88,broken clouds,2021-11-03 21:15:56
428,Nizhniye Vyazovyye,55.7988,48.5248,32.63,58,0,13.09,clear sky,2021-11-03 21:15:57
429,Upata,8.0086,-62.3989,82.18,82,91,3.44,overcast clouds,2021-11-03 21:15:57
430,Santa Cruz,-17.8,-63.1667,87.85,51,40,14.97,scattered clouds,2021-11-03 21:15:57
431,Maarianhamina,60.0973,19.9348,44.46,100,20,1.14,light intensity shower rain,2021-11-03 21:15:58
432,Ambilobe,-13.2,49.05,74.57,86,14,3.0,few clouds,2021-11-03 21:15:58
433,Villa Carlos Paz,-31.4241,-64.4978,83.39,55,11,8.99,few clouds,2021-11-03 21:15:58
434,High Rock,26.6208,-78.2833,78.82,68,17,11.12,few clouds,2021-11-03 21:15:58
435,Maldonado,-34.6667,-54.9167,66.22,94,100,11.88,overcast clouds,2021-11-03 21:15:59
436,Necochea,-38.5473,-58.7368,78.04,71,65,14.47,broken clouds,2021-11-03 21:15:59
437,Jumla,29.2747,82.1838,38.8,58,4,4.34,clear sky,2021-11-03 21:15:59
438,La Macarena,2.1837,-73.7849,83.61,71,100,5.44,overcast clouds,2021-11-03 21:16:00
439,Mvangue,2.9667,11.5167,67.87,97,100,0.4,overcast clouds,2021-11-03 21:16:00
440,Tabas,33.5959,56.9244,68.18,31,73,1.03,broken clouds,2021-11-03 21:16:01
441,Rio Gallegos,-51.6226,-69.2181,50.05,62,75,13.8,light rain,2021-11-03 21:16:01
442,Umm Lajj,25.0213,37.2685,80.69,64,0,10.31,clear sky,2021-11-03 21:16:02
443,Chanika,-5.4167,38.0167,69.91,92,84,6.04,broken clouds,2021-11-03 21:16:03
444,Luangwa,-15.6167,30.4167,85.42,32,13,2.44,few clouds,2021-11-03 21:16:04
445,Forquilhinha,-28.7475,-49.4722,70.63,99,100,1.54,overcast clouds,2021-11-03 21:11:05
446,Pistsovo,57.179,40.5298,42.1,85,100,13.69,light rain,2021-11-03 21:16:04
447,Redmond,47.674,-122.1215,61.16,76,100,1.99,overcast clouds,2021-11-03 21:12:31
448,Llanes,43.4198,-4.7549,50.86,80,100,14.47,overcast clouds,2021-11-03 21:16:05
449,Sirawai,7.5854,122.1407,78.19,85,98,2.71,overcast clouds,2021-11-03 21:16:05
450,Presidencia Roque Saenz Pena,-26.7852,-60.4388,86.9,43,96,3.83,overcast clouds,2021-11-03 21:16:05
451,Kendallville,41.4414,-85.265,45.66,52,90,6.91,overcast clouds,2021-11-03 21:14:14
452,Zhicheng,30.2956,111.5047,60.66,82,98,2.1,light rain,2021-11-03 21:16:06
453,Jelgava,56.65,23.7128,46.44,90,100,10.36,overcast clouds,2021-11-03 21:16:06
454,Angleton,29.1694,-95.4319,72.95,73,100,3.27,overcast clouds,2021-11-03 21:16:06
455,Pontianak,-0.0333,109.3333,76.98,100,75,3.44,light rain,2021-11-03 21:16:07
456,Nizhniy Tsasuchey,50.5167,115.1333,27.81,78,13,6.91,few clouds,2021-11-03 21:16:07
457,Ardesen,41.1911,40.9875,60.76,84,100,4.99,overcast clouds,2021-11-03 21:16:07
458,Luanda,-8.8368,13.2343,77.0,78,0,10.36,clear sky,2021-11-03 21:13:46
459,Vestmannaeyjar,63.4427,-20.2734,47.61,92,100,21.59,overcast clouds,2021-11-03 21:16:08
460,Nagydorog,46.6275,18.6556,56.12,87,100,17.47,overcast clouds,2021-11-03 21:16:08
461,Sarlat-La-Caneda,44.889,1.2166,43.09,91,82,2.08,broken clouds,2021-11-03 21:16:08
462,Lata,40.1629,-8.3327,52.81,89,6,0.81,clear sky,2021-11-03 21:16:09
463,Vilhena,-12.7406,-60.1458,73.62,94,75,4.61,broken clouds,2021-11-03 21:17:09
464,Mogotes,6.4756,-72.9705,66.78,89,88,2.98,overcast clouds,2021-11-03 21:17:09
465,Boralday,43.3578,76.8594,13.86,85,90,6.71,heavy shower snow,2021-11-03 21:17:10
466,Carbonia,39.1672,8.5222,60.01,83,100,14.58,light rain,2021-11-03 21:17:10
467,Ossora,59.2353,163.0719,23.5,85,100,9.35,overcast clouds,2021-11-03 21:17:10
468,Mattru,7.6244,-11.8332,74.57,95,28,2.51,light rain,2021-11-03 21:17:11
469,Iwanai,42.9744,140.5089,44.2,91,26,3.09,scattered clouds,2021-11-03 21:17:11
470,Nokaneng,-19.6667,22.2667,86.13,13,48,4.25,scattered clouds,2021-11-03 21:17:12
471,Cairns,-16.9167,145.7667,78.06,94,40,12.66,light rain,2021-11-03 21:17:12
472,Gulfport,30.3674,-89.0928,73.45,59,1,0.0,clear sky,2021-11-03 21:13:01
473,Faanui,-16.4833,-151.75,78.31,79,14,7.49,light rain,2021-11-03 21:17:12
474,Fresno,36.6666,-119.8343,76.41,56,1,3.44,clear sky,2021-11-03 21:17:13
475,Sabzevar,36.2126,57.6819,63.54,38,98,3.56,overcast clouds,2021-11-03 21:17:13
476,Brainerd,46.358,-94.2008,44.85,39,1,8.05,clear sky,2021-11-03 21:17:13
477,Delmiro Gouveia,-9.3886,-37.9992,94.82,25,97,2.55,overcast clouds,2021-11-03 21:17:14
478,Eureka,40.8021,-124.1637,75.13,59,100,8.99,overcast clouds,2021-11-03 21:14:17
479,Ilulissat,69.2167,-51.1,28.6,77,88,9.42,overcast clouds,2021-11-03 21:17:14
480,Kandrian,-6.2167,149.55,79.97,85,71,10.78,light rain,2021-11-03 21:17:14
481,Hutchinson,38.0608,-97.9298,49.82,68,90,6.91,overcast clouds,2021-11-03 21:17:02
482,Bengkulu,-3.8004,102.2655,74.86,90,100,3.71,overcast clouds,2021-11-03 21:17:15
483,Bairiki,1.3292,172.9752,86.0,70,75,8.05,broken clouds,2021-11-03 21:17:15
484,Luena,-11.7833,19.9167,65.61,79,59,3.8,light rain,2021-11-03 21:17:16
485,Opelousas,30.5335,-92.0815,71.8,56,1,6.91,clear sky,2021-11-03 21:12:45
486,Sao Filipe,14.8961,-24.4956,79.9,73,97,6.02,overcast clouds,2021-11-03 21:17:16
487,Cape Girardeau,37.3834,-89.7168,53.19,36,53,7.49,broken clouds,2021-11-03 21:17:17
488,Kulebaki,55.4133,42.5325,42.33,73,100,11.74,overcast clouds,2021-11-03 21:17:17
489,Portland,45.5234,-122.6762,61.5,73,75,1.99,broken clouds,2021-11-03 21:15:49
490,Pawai,24.2667,80.1667,64.27,49,76,2.21,broken clouds,2021-11-03 21:17:17
491,Aromashevo,56.8602,68.6375,17.51,78,96,10.87,overcast clouds,2021-11-03 21:17:18
492,Ordynskoye,54.3656,81.8994,1.06,98,70,3.71,broken clouds,2021-11-03 21:17:18
493,Kenora,49.8167,-94.4337,40.17,56,20,12.66,few clouds,2021-11-03 21:15:28
494,Nyagan,62.1406,65.3936,23.68,80,100,9.6,overcast clouds,2021-11-03 21:17:18
495,Nusaybin,37.0778,41.2178,65.79,63,40,13.8,scattered clouds,2021-11-03 21:17:19
496,Inyonga,-6.7167,32.0667,68.43,79,9,3.2,clear sky,2021-11-03 21:17:19
497,Gizo,-8.103,156.8419,82.45,74,96,6.55,light rain,2021-11-03 21:17:19
498,Yerbogachen,61.2767,108.0108,-5.96,98,36,3.67,scattered clouds,2021-11-03 21:17:20
499,Gueugnon,46.6036,4.0629,44.98,98,42,2.39,scattered clouds,2021-11-03 21:17:20
500,San Andres,12.5847,-81.7006,86.02,70,20,9.22,few clouds,2021-11-03 21:17:20
501,Frankfort,-27.2667,28.4833,60.22,25,0,3.96,clear sky,2021-11-03 21:17:20
502,Caravelas,-17.7125,-39.2481,76.03,86,46,7.94,scattered clouds,2021-11-03 21:17:21
503,Zabaykalsk,49.6333,117.3167,28.02,82,12,4.83,few clouds,2021-11-03 21:17:21
504,Xai-Xai,-25.0519,33.6442,70.34,86,6,9.69,clear sky,2021-11-03 21:17:21
505,Buala,-8.145,159.5921,81.37,79,80,5.14,light rain,2021-11-03 21:17:22
506,Praia,14.9215,-23.5087,81.14,50,20,10.36,few clouds,2021-11-03 21:17:22
507,Khasan,42.4308,130.6434,48.97,84,63,8.05,broken clouds,2021-11-03 21:17:22
508,Lashio,22.9333,97.75,61.93,95,90,1.72,overcast clouds,2021-11-03 21:17:23
509,Bumba,2.1833,22.4667,71.17,96,93,3.27,overcast clouds,2021-11-03 21:18:23
510,Port-Cartier,50.0334,-66.8654,39.74,58,94,8.75,overcast clouds,2021-11-03 21:18:23
511,Nurota,40.5614,65.6886,48.29,54,86,9.35,overcast clouds,2021-11-03 21:18:24
512,Alice Springs,-23.7,133.8833,65.75,100,97,5.75,overcast clouds,2021-11-03 21:14:13
513,Gondar,12.6,37.4667,58.82,61,10,4.36,clear sky,2021-11-03 21:18:24
514,Sangar,63.9242,127.4739,15.35,94,100,11.59,light snow,2021-11-03 21:18:24
515,Taiyuan,37.8694,112.5603,35.46,87,0,2.24,mist,2021-11-03 21:18:25
516,Henties Bay,-22.116,14.2845,56.86,87,9,7.47,clear sky,2021-11-03 21:18:25
517,Aripuana,-9.1667,-60.6333,76.19,90,100,7.81,overcast clouds,2021-11-03 21:18:26
518,Huilong,31.8111,121.655,63.03,69,96,5.84,overcast clouds,2021-11-03 21:18:26
519,Catamarca,-28.4696,-65.7852,86.77,45,0,8.99,clear sky,2021-11-03 21:18:26
520,Gumdag,39.2061,54.5906,60.94,47,100,12.64,overcast clouds,2021-11-03 21:18:27
521,College,64.8569,-147.8028,35.58,90,75,0.0,broken clouds,2021-11-03 21:18:27
522,Altamira,-3.2033,-52.2064,87.89,66,40,2.3,scattered clouds,2021-11-03 21:18:27
523,Hobe Sound,27.0595,-80.1364,82.98,64,40,10.36,scattered clouds,2021-11-03 21:18:28
524,Kokstad,-30.5472,29.4241,53.17,93,5,3.87,clear sky,2021-11-03 21:18:28
525,Marinette,45.1,-87.6307,40.3,56,90,4.61,overcast clouds,2021-11-03 21:18:28
526,Bubaque,11.2833,-15.8333,82.18,77,7,9.6,clear sky,2021-11-03 21:18:13
527,Viedma,-40.8135,-62.9967,80.83,36,81,22.57,broken clouds,2021-11-03 21:18:29
528,Qazvin,36.2797,50.0049,56.93,65,7,6.98,clear sky,2021-11-03 21:18:29
529,Kibondo,-3.5864,30.7203,60.75,93,79,1.21,broken clouds,2021-11-03 21:18:29
530,Madimba,-10.4,40.3333,77.31,82,4,7.25,clear sky,2021-11-03 21:18:30
531,San Ramon,37.7799,-121.978,75.92,57,1,1.01,clear sky,2021-11-03 21:18:30
532,Banda Aceh,5.5577,95.3222,78.87,80,97,0.45,overcast clouds,2021-11-03 21:18:30
533,Gulabpura,25.9,74.6667,68.77,36,3,2.82,clear sky,2021-11-03 21:18:30
534,Amapa,1.0,-52.0,80.37,70,100,2.37,moderate rain,2021-11-03 21:18:31
535,Ahuimanu,21.4447,-157.8378,84.78,68,75,9.22,broken clouds,2021-11-03 21:18:31
536,Ganzhou,28.8184,115.4327,62.01,87,100,1.01,overcast clouds,2021-11-03 21:16:48
537,Adrar,20.5022,-10.0711,79.95,15,0,7.92,clear sky,2021-11-03 21:18:31
538,Lae,-6.7221,146.9847,75.87,82,23,3.31,few clouds,2021-11-03 21:18:25
539,Jacqueville,5.2052,-4.4146,82.31,83,57,10.25,broken clouds,2021-11-03 21:18:32
540,Kidal,18.4411,1.4078,83.64,12,37,8.59,scattered clouds,2021-11-03 21:18:32
541,Tura,25.5198,90.2201,62.85,91,5,3.18,clear sky,2021-11-03 21:18:32
542,Patharia,23.9,79.2,63.27,49,81,2.57,broken clouds,2021-11-03 21:18:33
543,Hecun,36.5333,114.1111,54.43,56,0,4.32,clear sky,2021-11-03 21:18:33
544,Ambon,-3.6954,128.1814,81.12,81,47,6.42,scattered clouds,2021-11-03 21:18:33
545,Vyazma,55.2104,34.2951,46.49,93,100,10.92,overcast clouds,2021-11-03 21:18:34
546,Vao,-22.6667,167.4833,69.4,65,0,9.71,clear sky,2021-11-03 21:18:34
547,Mirabad,30.4362,61.8383,65.86,15,98,2.53,overcast clouds,2021-11-03 21:18:34
548,Namibe,-15.1961,12.1522,64.51,85,29,1.43,scattered clouds,2021-11-03 21:18:35
549,Cockburn Town,21.4612,-71.1419,82.26,71,6,12.53,clear sky,2021-11-03 21:18:35
550,Pleshanovo,52.8333,53.4833,24.04,37,0,10.85,clear sky,2021-11-03 21:18:35
551,Richards Bay,-28.783,32.0377,63.88,81,0,4.38,clear sky,2021-11-03 21:18:35
552,Ihosy,-22.4,46.1167,73.94,60,15,7.92,few clouds,2021-11-03 21:18:36
553,Zmiyiv,49.6966,36.3611,52.52,97,100,4.43,overcast clouds,2021-11-03 21:18:36
554,Kerouane,9.2667,-9.0167,74.17,72,15,3.71,few clouds,2021-11-03 21:18:36
555,Rajaldesar,28.0333,74.4667,69.96,35,0,5.28,clear sky,2021-11-03 21:19:37
556,Itoman,26.1247,127.6694,69.82,72,40,8.05,scattered clouds,2021-11-03 21:19:37
557,Mporokoso,-9.3727,30.125,64.49,86,9,3.18,clear sky,2021-11-03 21:19:37
558,Sampit,-2.5333,112.95,74.25,96,100,1.19,overcast clouds,2021-11-03 21:19:38
559,Zhigansk,66.7697,123.3711,-8.84,97,100,9.64,overcast clouds,2021-11-03 21:19:38
560,Huejuquilla El Alto,22.6,-103.8667,76.77,30,22,8.3,few clouds,2021-11-03 21:19:38
561,Lermontovka,47.1453,134.3383,37.49,75,89,3.22,overcast clouds,2021-11-03 21:19:38
562,Port Hedland,-20.3167,118.5667,68.05,94,5,5.75,clear sky,2021-11-03 21:19:39
563,Laishevo,55.4046,49.5504,32.22,49,2,17.43,clear sky,2021-11-03 21:19:39
564,Celestun,20.8667,-90.4,81.43,56,100,11.3,overcast clouds,2021-11-03 21:19:39
565,Saint George,37.1041,-113.5841,77.47,30,1,1.01,clear sky,2021-11-03 21:19:40
566,Hokitika,-42.7167,170.9667,54.79,40,99,3.8,overcast clouds,2021-11-03 21:19:40
567,Wyszkow,52.5928,21.4584,50.34,85,11,8.39,few clouds,2021-11-03 21:19:40
568,Baicheng,45.6167,122.8167,37.0,69,3,3.29,clear sky,2021-11-03 21:19:41
569,Basoko,1.2391,23.616,70.79,96,85,1.72,overcast clouds,2021-11-03 21:19:41
570,Vogar,63.9832,-22.3874,43.36,81,90,20.71,overcast clouds,2021-11-03 21:19:41
571,Estevan,49.1334,-102.9842,50.34,46,1,4.61,clear sky,2021-11-03 21:17:23
572,Anloga,5.7947,0.8973,81.16,77,47,9.4,scattered clouds,2021-11-03 21:19:42
573,Maniitsoq,65.4167,-52.9,34.93,99,100,19.22,moderate rain,2021-11-03 21:18:08
574,Zeya,53.75,127.2667,28.08,98,95,2.53,light snow,2021-11-03 21:19:42
575,Sibolga,1.7427,98.7792,75.65,90,100,0.81,light rain,2021-11-03 21:19:42
576,Hvide Sande,56.0045,8.1294,43.09,86,13,8.48,few clouds,2021-11-03 21:19:43
577,Eniwa,42.8779,141.5442,42.22,100,20,8.05,few clouds,2021-11-03 21:19:43
578,Walvis Bay,-22.9575,14.5053,57.09,82,67,4.61,broken clouds,2021-11-03 21:19:43
579,Newton,42.337,-71.2092,50.9,49,75,1.99,broken clouds,2021-11-03 21:18:45
580,Russell,32.3502,-85.1999,69.08,58,1,5.75,clear sky,2021-11-03 21:19:44
581,Qui Nhon,13.7667,109.2333,75.9,90,98,6.42,overcast clouds,2021-11-03 21:19:44
582,Panaba,21.2833,-88.2667,84.61,44,99,13.02,overcast clouds,2021-11-03 21:19:44
583,Elmira,42.0898,-76.8077,45.01,59,1,8.05,clear sky,2021-11-03 21:18:18
584,Caceres,39.522,-6.3748,46.8,72,62,6.91,broken clouds,2021-11-03 21:19:45
585,Andra,62.5147,65.8878,21.42,85,100,8.21,overcast clouds,2021-11-03 21:19:45
586,Maragogi,-9.0122,-35.2225,79.41,81,26,16.89,scattered clouds,2021-11-03 21:19:45
587,Sobolevo,54.4299,31.8996,46.02,85,95,12.82,overcast clouds,2021-11-03 21:19:46
588,Novoagansk,61.9449,76.6625,15.51,82,100,14.14,overcast clouds,2021-11-03 21:19:46
589,General Artigas,-26.9333,-56.2167,71.49,68,71,5.03,broken clouds,2021-11-03 21:19:46
590,Dauphin,51.1494,-100.0502,50.14,37,1,11.5,clear sky,2021-11-03 21:19:47
591,Tiznit,29.5833,-9.5,61.86,87,97,6.69,overcast clouds,2021-11-03 21:19:47
592,Nyurba,63.2842,118.3319,4.64,95,96,6.15,overcast clouds,2021-11-03 21:19:47
593,Rakaia,-43.75,172.0167,56.37,58,0,15.93,clear sky,2021-11-03 21:19:47
594,Yei,4.095,30.6779,65.89,94,100,2.89,light rain,2021-11-03 21:19:48
595,Presque Isle,46.6811,-68.0159,42.78,75,20,0.0,few clouds,2021-11-03 21:19:48
596,Tomatlan,19.9333,-105.25,85.69,62,100,5.93,overcast clouds,2021-11-03 21:19:48
597,Buraydah,26.326,43.975,70.25,22,0,5.66,clear sky,2021-11-03 21:19:49
598,Igarapava,-20.0383,-47.7469,88.72,46,25,3.96,scattered clouds,2021-11-03 21:19:49
599,Zhezkazgan,47.8043,67.7144,15.06,66,5,15.08,clear sky,2021-11-03 21:19:49
600,Igarka,67.4667,86.5833,7.47,95,100,19.39,light snow,2021-11-03 21:19:50
601,Comodoro Rivadavia,-45.8667,-67.5,64.26,36,40,25.32,scattered clouds,2021-11-03 21:20:50
602,Eskisehir,39.7767,30.5206,48.07,100,0,0.0,clear sky,2021-11-03 21:20:50
603,Ardino,41.5833,25.1333,41.43,88,51,6.22,broken clouds,2021-11-03 21:20:51
604,Surami,42.0243,43.5556,53.67,96,100,5.12,overcast clouds,2021-11-03 21:20:51
605,Manzanillo,20.3433,-77.1167,87.33,53,12,11.16,few clouds,2021-11-03 21:20:51
606,Pereslavl-Zalesskiy,56.7393,38.8563,42.48,90,100,12.39,light rain,2021-11-03 21:20:52
607,Vidim,56.4088,103.1106,6.66,80,100,9.93,overcast clouds,2021-11-03 21:20:52
608,Redcar,54.6166,-1.06,46.62,84,98,10.0,overcast clouds,2021-11-03 21:20:52
609,Varhaug,58.6147,5.6457,46.47,74,60,6.2,broken clouds,2021-11-03 21:20:53
610,Serik,36.9169,31.0989,62.85,77,21,3.56,few clouds,2021-11-03 21:20:53
611,Ocos,14.5094,-92.1933,93.7,70,100,3.78,overcast clouds,2021-11-03 21:20:53
612,Bitkine,11.9801,18.2138,85.42,21,15,4.07,few clouds,2021-11-03 21:20:53
613,Elliot,-31.3333,27.85,51.08,62,3,2.1,clear sky,2021-11-03 21:20:54
614,Aykhal,66.0,111.5,-19.64,100,98,2.66,overcast clouds,2021-11-03 21:20:54
615,Bom Jesus,-9.0744,-44.3586,83.98,57,94,3.89,overcast clouds,2021-11-03 21:20:54
616,Corvallis,44.5646,-123.262,67.91,89,40,3.0,scattered clouds,2021-11-03 21:20:55
617,Makakilo City,21.3469,-158.0858,83.61,64,75,8.05,broken clouds,2021-11-03 21:20:55
618,Tadine,-21.55,167.8833,72.16,61,17,11.23,few clouds,2021-11-03 21:20:55
619,Rio Cuarto,-33.1307,-64.3499,81.88,44,20,20.71,few clouds,2021-11-03 21:16:05
620,San Jose Del Guaviare,2.5729,-72.6459,81.93,77,100,3.51,overcast clouds,2021-11-03 21:20:56
621,Puerto Madero,14.7208,-92.4215,88.0,66,75,5.75,broken clouds,2021-11-03 21:20:56
622,Beaumont,30.0861,-94.1019,67.98,75,90,16.11,overcast clouds,2021-11-03 21:20:56
623,Lusambo,-4.9667,23.45,66.15,99,92,1.05,overcast clouds,2021-11-03 21:20:57
624,Gaozhou,21.9392,110.8461,70.02,92,8,4.88,clear sky,2021-11-03 21:20:57
625,Cabo San Lucas,22.8909,-109.9124,89.51,58,0,6.62,clear sky,2021-11-03 21:20:44
626,Fort Nelson,58.8053,-122.7002,26.19,68,40,3.44,scattered clouds,2021-11-03 21:20:57
627,Evanston,42.0411,-87.6901,45.1,48,75,4.0,broken clouds,2021-11-03 21:20:45
628,Wakkanai,45.4094,141.6739,47.62,86,100,12.3,overcast clouds,2021-11-03 21:20:58
629,Arica,-18.475,-70.3042,69.35,72,0,9.22,clear sky,2021-11-03 21:18:04
630,Hohhot,40.8106,111.6522,26.89,68,0,2.24,clear sky,2021-11-03 21:20:28
631,Fare,-16.7,-151.0167,78.66,75,6,3.0,clear sky,2021-11-03 21:20:58
632,Kajaani,64.2273,27.7285,39.25,100,90,5.75,overcast clouds,2021-11-03 21:20:59
633,Sombrio,-29.1139,-49.6167,70.93,95,100,8.12,overcast clouds,2021-11-03 21:20:59
634,Gao,16.6362,1.637,83.23,14,3,9.55,clear sky,2021-11-03 21:20:59
635,Kirensk,57.7853,108.1119,12.58,82,100,8.37,overcast clouds,2021-11-03 21:20:59
636,Parabel,58.6978,81.4825,8.98,86,89,7.99,overcast clouds,2021-11-03 21:21:00
637,Kurilsk,45.2333,147.8833,45.36,87,100,14.99,moderate rain,2021-11-03 21:21:00
638,Vigrestad,58.5667,5.7,46.58,73,58,6.31,broken clouds,2021-11-03 21:21:01
639,Puerto Madryn,-42.7692,-65.0385,73.09,53,84,29.17,broken clouds,2021-11-03 21:21:01
640,Sisimiut,66.9395,-53.6735,33.93,99,100,10.16,light rain,2021-11-03 21:21:02
641,Chimbote,-9.0853,-78.5783,67.05,74,56,8.66,broken clouds,2021-11-03 21:21:03
642,Pili,13.5833,123.3,75.83,93,87,4.47,overcast clouds,2021-11-03 21:21:03
643,Angoche,-16.2325,39.9086,76.78,86,0,13.8,clear sky,2021-11-03 21:21:04
644,Ous,60.9058,61.5186,24.84,78,54,9.86,broken clouds,2021-11-03 21:21:04
645,Winneba,5.3511,-0.6231,81.07,85,92,6.93,overcast clouds,2021-11-03 21:21:05
646,Sandwick,60.0,-1.25,42.62,87,75,16.11,broken clouds,2021-11-03 21:17:19
647,Berlevag,70.8578,29.0864,41.0,81,0,18.41,clear sky,2021-11-03 21:21:05
648,Rockhampton,-23.3833,150.5,69.69,64,35,10.36,scattered clouds,2021-11-03 21:22:05
649,Sinnamary,5.3833,-52.95,81.37,73,99,9.93,overcast clouds,2021-11-03 21:22:06
650,Batemans Bay,-35.7167,150.1833,66.2,81,100,4.0,light rain,2021-11-03 21:22:06
651,Sao Sebastiao,-23.76,-45.4097,71.4,87,83,5.01,broken clouds,2021-11-03 21:22:06
652,Amurzet,47.6967,131.0981,36.41,64,100,5.06,overcast clouds,2021-11-03 21:22:06
653,Vestmanna,62.1564,-7.1664,36.52,81,75,12.66,broken clouds,2021-11-03 21:22:07
654,Flinders,-34.5833,150.8552,68.05,84,100,1.01,overcast clouds,2021-11-03 21:22:07
655,Livingston,55.9029,-3.5226,43.16,76,0,5.75,clear sky,2021-11-03 21:18:42
656,Pitimbu,-7.4706,-34.8086,81.19,75,29,12.59,scattered clouds,2021-11-03 21:22:07
657,Hofn,64.2539,-15.2082,37.15,61,99,8.39,overcast clouds,2021-11-03 21:22:08
658,Surt,31.2089,16.5887,78.42,38,0,12.46,clear sky,2021-11-03 21:22:08
659,Nuuk,64.1835,-51.7216,34.41,100,90,32.21,light rain,2021-11-03 21:21:22
660,America Dourada,-11.4553,-41.4361,73.54,83,100,3.4,overcast clouds,2021-11-03 21:22:09
661,Salta,-24.7859,-65.4117,79.39,53,40,5.99,scattered clouds,2021-11-03 21:18:00
662,Byron Bay,-28.65,153.6167,69.87,67,98,3.6,overcast clouds,2021-11-03 21:21:48
663,Verkhoyansk,67.5447,133.385,-18.31,100,71,2.71,broken clouds,2021-11-03 21:22:09
664,Pringsewu,-5.3582,104.9744,73.51,95,92,3.74,overcast clouds,2021-11-03 21:22:09
665,Roszke,46.188,20.0337,57.18,85,100,16.37,overcast clouds,2021-11-03 21:22:10
666,Honiara,-9.4333,159.95,80.4,79,59,3.67,broken clouds,2021-11-03 21:17:58
667,Tansen,27.8673,83.5467,51.17,88,0,4.34,clear sky,2021-11-03 21:22:10
668,Mykolayivka,47.5414,30.7561,52.29,70,88,2.89,overcast clouds,2021-11-03 21:22:10
669,Ryotsu,38.0833,138.4333,55.02,65,12,5.84,few clouds,2021-11-03 21:22:11
670,Bonavista,48.6499,-53.1147,45.12,66,74,4.65,broken clouds,2021-11-03 21:22:11
671,Talara,-4.5772,-81.2719,72.36,64,0,10.36,clear sky,2021-11-03 21:22:11
672,Reconquista,-29.15,-59.65,85.21,45,42,6.33,scattered clouds,2021-11-03 21:22:12
673,Chistogorskiy,53.9835,87.3843,8.8,89,100,2.75,overcast clouds,2021-11-03 21:22:12
674,Santiago Del Estero,-27.7951,-64.2615,89.22,38,16,11.32,few clouds,2021-11-03 21:22:12
675,Langfang,39.5097,116.6947,46.65,70,0,4.34,clear sky,2021-11-03 21:22:13
676,Bressanone,46.715,11.656,50.16,100,100,1.14,light rain,2021-11-03 21:22:13
677,Jinxiang,27.4327,120.6062,62.11,91,100,5.08,light rain,2021-11-03 21:22:13
678,Nelson Bay,-32.7167,152.15,68.09,75,100,1.99,overcast clouds,2021-11-03 21:17:16
679,Katherine,-14.4667,132.2667,80.92,65,5,4.61,clear sky,2021-11-03 21:22:14
680,Oistins,13.0667,-59.5333,82.49,69,20,10.36,few clouds,2021-11-03 21:22:14
681,Fereydunshahr,32.941,50.121,45.45,48,4,3.91,clear sky,2021-11-03 21:22:14
682,Genteng,-8.3667,114.15,73.27,97,100,1.7,overcast clouds,2021-11-03 21:22:14
683,Tual,-5.6667,132.75,84.33,74,60,13.87,broken clouds,2021-11-03 21:22:15
684,Abha,18.2164,42.5053,57.02,24,0,0.0,clear sky,2021-11-03 21:22:15
685,Fort-De-France,14.6089,-61.0733,82.42,78,75,12.66,broken clouds,2021-11-03 21:22:15
686,Omsukchan,62.5333,155.8,1.76,88,30,4.97,scattered clouds,2021-11-03 21:22:16
687,Verkhnyaya Inta,65.9811,60.3094,29.86,89,100,24.85,overcast clouds,2021-11-03 21:22:16
688,Coquimbo,-29.9533,-71.3436,58.73,77,75,6.91,broken clouds,2021-11-03 21:22:16
689,Devrek,41.2192,31.9558,59.29,88,68,4.05,broken clouds,2021-11-03 21:22:16
690,Pfarrkirchen,48.432,12.9381,48.07,91,100,9.19,overcast clouds,2021-11-03 21:22:17
691,Hanko,59.8333,22.95,47.84,91,100,14.0,overcast clouds,2021-11-03 21:22:17
692,Tamandare,-8.7597,-35.1047,79.57,80,26,15.9,scattered clouds,2021-11-03 21:22:17
693,Hervey Bay,-25.2986,152.8535,67.01,80,45,9.44,scattered clouds,2021-11-03 21:22:18
694,Ambovombe,-25.1667,46.0833,71.01,85,2,1.81,clear sky,2021-11-03 21:22:18
695,Noyabrsk,63.1994,75.4507,16.07,92,100,17.02,overcast clouds,2021-11-03 21:23:18
696,Kenai,60.5544,-151.2583,41.09,94,20,4.61,light rain,2021-11-03 21:23:19
