City_ID,City,Country,Lat,Lng,Max Temp,Humidity,Cloudiness,Wind Speed,Description,Date
0,Mataura,NZ,-46.1927,168.8643,49.48,78,100,0.43,overcast clouds,2021-11-04 19:11:39
1,Isangel,VU,-19.55,169.2667,74.05,87,89,14.34,overcast clouds,2021-11-04 19:11:39
2,Nikolskoye,RU,59.7035,30.7861,46.4,94,26,6.91,scattered clouds,2021-11-04 19:09:27
3,Kudat,MY,6.8837,116.8477,77.99,86,86,2.53,overcast clouds,2021-11-04 19:11:39
4,Deogarh,IN,21.5333,84.7333,67.84,74,4,2.08,clear sky,2021-11-04 19:11:40
5,Rincon,US,32.296,-81.2354,66.16,58,75,1.01,broken clouds,2021-11-04 19:11:40
6,Vao,NC,-22.6667,167.4833,68.7,61,100,10.78,overcast clouds,2021-11-04 19:11:40
7,Atuona,PF,-9.8,-139.0333,77.85,64,31,16.46,scattered clouds,2021-11-04 19:10:01
8,Port Alfred,ZA,-33.5906,26.891,65.46,88,99,3.4,overcast clouds,2021-11-04 19:11:41
9,Langres,FR,47.8333,5.3333,41.85,93,100,6.93,overcast clouds,2021-11-04 19:11:41
10,Butaritari,KI,3.0707,172.7902,82.8,74,13,16.24,few clouds,2021-11-04 19:11:41
11,Mar Del Plata,AR,-38.0023,-57.5575,66.22,99,90,13.0,mist,2021-11-04 19:11:42
12,Rikitea,PF,-23.1203,-134.9692,73.53,79,100,12.37,light rain,2021-11-04 19:09:11
13,Gisenyi,RW,-1.7028,29.2564,64.09,90,95,1.39,light rain,2021-11-04 19:11:42
14,Mbeya,TZ,-8.9,33.45,66.02,51,28,6.24,scattered clouds,2021-11-04 19:11:42
15,Ushuaia,AR,-54.8,-68.3,51.42,57,75,26.46,moderate rain,2021-11-04 19:11:43
16,Teya,RU,60.3778,92.6267,10.35,85,100,13.11,overcast clouds,2021-11-04 19:11:43
17,Synya,RU,65.3718,58.0387,32.9,97,100,12.37,snow,2021-11-04 19:11:43
18,Hermanus,ZA,-34.4187,19.2345,62.91,85,97,9.71,overcast clouds,2021-11-04 19:09:08
19,Kaitangata,NZ,-46.2817,169.8464,46.94,69,100,3.89,overcast clouds,2021-11-04 19:09:38
20,Port Elizabeth,ZA,-33.918,25.5701,60.1,82,12,4.65,few clouds,2021-11-04 19:11:44
21,Yellowknife,CA,62.456,-114.3525,38.41,95,0,5.99,clear sky,2021-11-04 19:08:48
22,San Patricio,US,28.017,-97.5169,59.09,68,87,14.65,overcast clouds,2021-11-04 19:11:44
23,Saint-Philippe,RE,-21.3585,55.7679,72.99,82,29,4.99,scattered clouds,2021-11-04 19:11:44
24,Birao,CF,10.2849,22.7882,82.38,40,26,3.74,scattered clouds,2021-11-04 19:11:45
25,Arraial Do Cabo,BR,-22.9661,-42.0278,76.86,78,75,14.97,broken clouds,2021-11-04 19:11:45
26,Deputatskiy,RU,69.3,139.9,-8.84,99,87,3.58,overcast clouds,2021-11-04 19:10:59
27,George,ZA,-33.963,22.4617,60.66,72,100,1.88,overcast clouds,2021-11-04 19:11:45
28,Barrow,US,71.2906,-156.7887,23.02,80,90,13.8,overcast clouds,2021-11-04 19:11:46
29,Husavik,IS,66.0449,-17.3389,30.88,96,98,5.19,light snow,2021-11-04 19:11:46
30,Moron,AR,-34.6534,-58.6198,84.94,61,39,3.0,scattered clouds,2021-11-04 19:11:46
31,Te Anau,NZ,-45.4167,167.7167,44.85,89,100,0.49,overcast clouds,2021-11-04 19:11:47
32,Dicabisagan,PH,17.0818,122.4157,76.46,87,100,5.73,overcast clouds,2021-11-04 19:11:47
33,Kodiak,US,57.79,-152.4072,35.11,87,20,0.0,few clouds,2021-11-04 19:11:47
34,Halifax,CA,44.6453,-63.5724,51.01,55,67,1.99,broken clouds,2021-11-04 19:11:40
35,Yulara,AU,-25.2406,130.9889,73.24,60,52,3.44,broken clouds,2021-11-04 19:11:48
36,Sioux Lookout,CA,50.1001,-91.917,42.08,58,4,9.06,clear sky,2021-11-04 19:11:48
37,Bredasdorp,ZA,-34.5322,20.0403,60.28,78,100,9.98,overcast clouds,2021-11-04 19:11:48
38,Georgetown,MY,5.4112,100.3354,78.73,92,20,4.61,few clouds,2021-11-04 19:11:27
39,Hilo,US,19.7297,-155.09,78.62,70,90,4.61,overcast clouds,2021-11-04 19:07:26
40,Vaini,TO,-21.2,-175.2,75.36,100,75,4.61,light rain,2021-11-04 19:11:48
41,Tasiilaq,GL,65.6145,-37.6368,25.2,86,100,5.5,overcast clouds,2021-11-04 19:11:49
42,Sergiyevsk,RU,53.9413,51.165,34.39,40,100,16.17,overcast clouds,2021-11-04 19:11:49
43,Punta Arenas,CL,-53.15,-70.9167,51.82,53,75,34.52,broken clouds,2021-11-04 19:11:49
44,Basco,PH,20.4487,121.9702,80.82,71,9,18.84,clear sky,2021-11-04 19:11:50
45,Kapaa,US,22.0752,-159.319,78.78,83,90,5.99,moderate rain,2021-11-04 19:11:50
46,New Norfolk,AU,-42.7826,147.0587,45.75,78,0,2.04,clear sky,2021-11-04 19:08:59
47,Williston,US,48.147,-103.618,61.54,53,52,1.01,broken clouds,2021-11-04 19:09:02
48,Makakilo City,US,21.3469,-158.0858,79.12,75,75,0.0,broken clouds,2021-11-04 19:12:50
49,Alta Floresta,BR,-9.8756,-56.0861,85.21,62,100,3.13,overcast clouds,2021-11-04 19:12:51
50,Busselton,AU,-33.65,115.3333,49.08,81,75,4.41,broken clouds,2021-11-04 19:08:48
51,Norman Wells,CA,65.282,-126.8329,22.98,84,7,1.7,clear sky,2021-11-04 19:11:47
52,Hithadhoo,MV,-0.6,73.0833,82.56,73,100,11.83,overcast clouds,2021-11-04 19:10:20
53,La Ronge,CA,55.1001,-105.2842,41.38,39,100,1.79,overcast clouds,2021-11-04 19:11:29
54,Esperance,AU,-33.8667,121.9,60.64,90,99,16.04,overcast clouds,2021-11-04 19:10:34
55,Soverato,IT,38.685,16.5499,69.75,95,100,3.4,overcast clouds,2021-11-04 19:12:51
56,Sao Filipe,CV,14.8961,-24.4956,80.06,72,62,4.32,broken clouds,2021-11-04 19:12:52
57,Non Sang,TH,16.8687,102.5664,76.86,80,95,1.77,overcast clouds,2021-11-04 19:12:52
58,Port Hedland,AU,-20.3167,118.5667,71.65,78,4,5.75,clear sky,2021-11-04 19:12:52
59,Dawei,MM,14.0833,98.2,74.82,92,70,3.44,light rain,2021-11-04 19:12:53
60,Erenhot,CN,43.6475,111.9767,42.82,38,71,7.43,broken clouds,2021-11-04 19:11:47
61,Victoria,HK,22.2855,114.1577,78.33,87,27,5.99,scattered clouds,2021-11-04 19:08:30
62,Torbay,CA,47.6666,-52.7314,46.58,75,13,5.99,few clouds,2021-11-04 19:12:53
63,Guerrero Negro,MX,27.9769,-114.0611,73.76,60,4,9.33,clear sky,2021-11-04 19:10:42
64,San Quintin,MX,30.4833,-115.95,69.73,67,0,11.05,clear sky,2021-11-04 19:12:53
65,Qaanaaq,GL,77.484,-69.3632,6.35,57,0,8.19,clear sky,2021-11-04 19:12:54
66,Salalah,OM,17.0151,54.0924,80.69,74,0,2.3,clear sky,2021-11-04 19:12:54
67,Castro,BR,-24.7911,-50.0119,73.11,70,82,5.32,broken clouds,2021-11-04 19:12:55
68,Dikson,RU,73.5069,80.5464,17.53,86,8,12.77,clear sky,2021-11-04 19:08:53
69,Thompson,CA,55.7435,-97.8558,37.8,48,100,5.14,overcast clouds,2021-11-04 19:07:58
70,Bowen,AU,-20.0167,148.2333,74.57,73,72,13.11,broken clouds,2021-11-04 19:12:55
71,Plettenberg Bay,ZA,-34.0527,23.3716,60.24,76,21,3.94,few clouds,2021-11-04 19:12:55
72,Agirish,RU,61.9247,63.0231,32.34,87,58,10.87,broken clouds,2021-11-04 19:12:55
73,Sinop,TR,41.7711,34.8709,57.79,68,0,7.34,clear sky,2021-11-04 19:12:56
74,Poyarkovo,RU,49.6,128.6833,32.41,87,75,5.14,broken clouds,2021-11-04 19:12:56
75,Puerto Escondido,MX,15.85,-97.0667,85.06,62,70,5.77,broken clouds,2021-11-04 19:12:56
76,Cidreira,BR,-30.1811,-50.2056,71.38,87,52,11.03,broken clouds,2021-11-04 19:12:57
77,Tiksi,RU,71.6872,128.8694,2.37,77,100,23.04,overcast clouds,2021-11-04 19:12:57
78,Saskylakh,RU,71.9167,114.0833,2.05,90,100,14.47,overcast clouds,2021-11-04 19:12:57
79,Kalmunai,LK,7.4167,81.8167,77.38,85,100,5.55,heavy intensity rain,2021-11-04 19:12:58
80,Manado,ID,1.487,124.8455,75.97,94,75,1.14,light rain,2021-11-04 19:12:58
81,Belyy Yar,RU,53.6039,91.3903,1.85,78,38,6.71,smoke,2021-11-04 19:12:58
82,Alofi,NU,-19.0595,-169.9187,77.7,75,100,19.06,overcast clouds,2021-11-04 19:12:59
83,Mayfield,US,36.7417,-88.6367,53.56,42,1,8.97,clear sky,2021-11-04 19:12:59
84,Camacha,PT,33.0833,-16.3333,65.16,63,40,10.36,scattered clouds,2021-11-04 19:12:59
85,Maua,BR,-23.6678,-46.4614,82.11,57,8,9.62,clear sky,2021-11-04 19:12:59
86,Vanavara,RU,60.34,102.2797,6.46,90,100,9.19,overcast clouds,2021-11-04 19:13:00
87,Albany,US,42.6001,-73.9662,47.26,59,100,1.01,overcast clouds,2021-11-04 19:10:32
88,Nabire,ID,-3.3667,135.4833,75.83,90,100,3.09,overcast clouds,2021-11-04 19:14:00
89,Tuktoyaktuk,CA,69.4541,-133.0374,21.67,89,98,15.99,overcast clouds,2021-11-04 19:11:50
90,Lavrentiya,RU,65.5833,-171.0,14.25,83,100,11.34,overcast clouds,2021-11-04 19:14:00
91,Bulolo,PG,-7.2,146.65,67.37,96,100,1.57,overcast clouds,2021-11-04 19:14:01
92,Petropavlovka,RU,50.6114,105.3196,7.32,60,1,3.06,clear sky,2021-11-04 19:14:01
93,Meulaboh,ID,4.1363,96.1285,76.69,90,100,2.64,overcast clouds,2021-11-04 19:14:02
94,Cape Town,ZA,-33.9258,18.4232,63.12,84,98,3.58,overcast clouds,2021-11-04 19:14:02
95,Richmond,US,37.5538,-77.4603,51.84,56,75,4.0,broken clouds,2021-11-04 19:09:30
96,Katherine,AU,-14.4667,132.2667,79.12,83,100,0.0,overcast clouds,2021-11-04 19:14:03
97,Puerto Ayora,EC,-0.7393,-90.3518,76.96,72,47,10.89,scattered clouds,2021-11-04 19:14:03
98,Comodoro Rivadavia,AR,-45.8667,-67.5,67.86,13,0,16.11,clear sky,2021-11-04 19:12:56
99,Iquique,CL,-20.2208,-70.1431,68.04,68,4,6.6,clear sky,2021-11-04 19:13:58
100,Caravelas,BR,-17.7125,-39.2481,79.57,71,25,7.34,scattered clouds,2021-11-04 19:14:04
101,Taltal,CL,-25.4,-70.4833,64.38,69,24,7.65,few clouds,2021-11-04 19:10:20
102,Avera,US,33.194,-82.5271,56.71,40,100,10.25,overcast clouds,2021-11-04 19:09:42
103,Kudahuvadhoo,MV,2.6708,72.8944,82.69,77,100,15.79,overcast clouds,2021-11-04 19:14:04
104,Bluff,NZ,-46.6,168.3333,49.8,85,100,2.95,overcast clouds,2021-11-04 19:14:04
105,Chikola,RU,43.1906,43.9209,44.51,90,99,0.43,overcast clouds,2021-11-04 19:14:05
106,Boende,CD,-0.2167,20.8667,72.41,96,70,2.68,broken clouds,2021-11-04 19:14:05
107,Vostok,RU,46.4856,135.8833,36.1,77,83,2.39,broken clouds,2021-11-04 19:14:05
108,Ribeira Grande,PT,38.5167,-28.7,70.2,88,75,24.16,broken clouds,2021-11-04 19:14:06
109,Katsuura,JP,35.1333,140.3,57.31,70,50,10.51,scattered clouds,2021-11-04 19:09:20
110,Santa Rosa,PH,14.3122,121.1114,82.11,76,95,6.42,overcast clouds,2021-11-04 19:14:06
111,Kutum,SD,14.2,24.6667,76.68,24,0,10.27,clear sky,2021-11-04 19:14:06
112,Talnakh,RU,69.4865,88.3972,22.15,97,100,14.79,snow,2021-11-04 19:14:07
113,Hamilton,US,39.1834,-84.5333,53.15,45,40,3.0,scattered clouds,2021-11-04 19:14:07
114,Mecca,SA,21.4267,39.8261,80.47,60,0,2.39,clear sky,2021-11-04 19:09:28
115,Zhigansk,RU,66.7697,123.3711,-14.12,95,16,8.84,few clouds,2021-11-04 19:13:01
116,Rapar,IN,23.5667,70.6333,79.07,30,12,4.09,few clouds,2021-11-04 19:14:07
117,Puerto Del Rosario,ES,28.5004,-13.8627,71.35,73,75,18.41,broken clouds,2021-11-04 19:14:08
118,Praia Da Vitoria,PT,38.7333,-27.0667,68.76,89,100,19.8,overcast clouds,2021-11-04 19:14:08
119,Thai Binh,VN,20.45,106.3333,77.0,94,34,6.44,scattered clouds,2021-11-04 19:14:08
120,Pareora,NZ,-44.4871,171.2132,44.85,81,0,2.04,clear sky,2021-11-04 19:14:09
121,Longyearbyen,SJ,78.2186,15.6401,19.24,73,75,8.05,broken clouds,2021-11-04 19:14:09
122,Baijiantan,CN,45.6333,85.1833,17.28,50,0,9.15,clear sky,2021-11-04 19:14:09
123,Saint George,US,37.1041,-113.5841,77.47,34,1,1.01,clear sky,2021-11-04 19:14:09
124,Yurla,RU,59.3259,54.3223,30.94,91,100,13.13,light snow,2021-11-04 19:14:10
125,Hay River,CA,60.8156,-115.7999,40.05,64,36,8.66,scattered clouds,2021-11-04 19:14:10
126,Yanam,IN,16.7333,82.2167,74.62,94,97,6.46,overcast clouds,2021-11-04 19:14:10
127,Ammokhorion,GR,40.7833,21.4833,55.26,87,100,5.26,overcast clouds,2021-11-04 19:14:11
128,Beringovskiy,RU,63.05,179.3167,-3.82,89,27,7.9,scattered clouds,2021-11-04 19:14:11
129,Mwaro,BI,-3.5,29.6667,57.61,88,12,1.39,few clouds,2021-11-04 19:14:11
130,Saint Anthony,US,45.0205,-93.218,53.65,62,20,3.0,few clouds,2021-11-04 19:14:12
131,Ocean City,US,39.2776,-74.5746,54.01,57,100,11.01,overcast clouds,2021-11-04 19:14:12
132,Mersing,MY,2.4312,103.8405,77.7,89,99,2.01,overcast clouds,2021-11-04 19:14:12
133,Suslovo,RU,56.2167,88.1167,8.85,82,100,15.5,overcast clouds,2021-11-04 19:14:13
134,Tura,IN,25.5198,90.2201,62.58,88,74,3.31,broken clouds,2021-11-04 19:14:13
135,Geraldton,AU,-28.7667,114.6,64.81,63,90,12.66,overcast clouds,2021-11-04 19:14:13
136,Avarua,CK,-21.2078,-159.775,78.85,65,27,5.75,scattered clouds,2021-11-04 19:15:13
137,Cherskiy,RU,68.75,161.3,-5.49,99,99,6.04,overcast clouds,2021-11-04 19:15:14
138,Ciudad Del Maiz,MX,22.4,-99.6,68.74,70,94,7.72,overcast clouds,2021-11-04 19:15:14
139,Tari,NG,12.4086,4.4914,87.62,27,17,6.69,few clouds,2021-11-04 19:15:14
140,Broken Hill,AU,-31.95,141.4333,60.89,54,0,7.94,clear sky,2021-11-04 19:15:15
141,Jamestown,US,42.097,-79.2353,44.53,53,90,3.0,overcast clouds,2021-11-04 19:15:15
142,Dunedin,NZ,-45.8742,170.5036,50.05,69,42,2.19,scattered clouds,2021-11-04 19:15:15
143,Chokurdakh,RU,70.6333,147.9167,-12.55,97,83,7.38,broken clouds,2021-11-04 19:15:16
144,Cabo San Lucas,MX,22.8909,-109.9124,89.62,48,1,3.0,clear sky,2021-11-04 19:12:39
145,Ponta Do Sol,PT,32.6667,-17.1,69.71,63,63,7.34,broken clouds,2021-11-04 19:11:06
146,Kostino,RU,58.9097,53.2691,30.15,88,100,13.4,overcast clouds,2021-11-04 19:15:16
147,Pacific Grove,US,36.6177,-121.9166,67.95,80,1,4.0,clear sky,2021-11-04 19:15:16
148,Lompoc,US,34.6391,-120.4579,79.11,66,1,12.66,clear sky,2021-11-04 19:15:17
149,Faranah,GN,10.0404,-10.7434,77.0,72,24,2.46,few clouds,2021-11-04 19:15:17
150,Hazorasp,UZ,41.3194,61.0742,26.44,24,0,17.96,clear sky,2021-11-04 19:15:17
151,Araouane,ML,18.9048,-3.5265,87.64,15,0,3.11,clear sky,2021-11-04 19:10:39
152,Mareeba,AU,-17.0,145.4333,70.52,95,21,2.44,few clouds,2021-11-04 19:15:17
153,Kungurtug,RU,50.5994,97.5228,-7.31,89,64,0.6,broken clouds,2021-11-04 19:15:18
154,Vila Velha,BR,-20.3297,-40.2925,75.15,83,75,13.8,broken clouds,2021-11-04 19:15:18
155,Terney,RU,45.0503,136.6092,41.54,81,18,5.48,few clouds,2021-11-04 19:15:18
156,Upernavik,GL,72.7868,-56.1549,25.84,81,100,13.67,overcast clouds,2021-11-04 19:12:31
157,Khatanga,RU,71.9667,102.5,23.41,95,100,23.33,snow,2021-11-04 19:15:19
158,Miranda,CO,3.2499,-76.2281,82.65,74,72,2.28,broken clouds,2021-11-04 19:15:19
159,Tacub,PH,8.1875,124.1081,74.97,85,99,4.38,overcast clouds,2021-11-04 19:15:19
160,East London,ZA,-33.0153,27.9116,67.86,84,23,6.24,few clouds,2021-11-04 19:15:20
161,Half Moon Bay,US,37.4636,-122.4286,68.05,75,20,1.99,mist,2021-11-04 19:15:20
162,Bilibino,RU,68.0546,166.4372,-10.79,98,99,1.86,overcast clouds,2021-11-04 19:15:20
163,Amapa,BR,1.0,-52.0,90.1,46,79,5.14,broken clouds,2021-11-04 19:15:21
164,Eureka,US,40.8021,-124.1637,58.62,93,100,5.99,overcast clouds,2021-11-04 19:13:07
165,Karratha,AU,-20.7377,116.8463,77.04,51,52,10.49,broken clouds,2021-11-04 19:15:21
166,Tommot,RU,58.9564,126.2925,22.82,93,100,2.42,light snow,2021-11-04 19:15:21
167,Brae,GB,60.3964,-1.353,49.91,83,100,18.1,overcast clouds,2021-11-04 19:14:10
168,Murgab,TM,37.4966,61.9714,35.47,44,0,11.5,clear sky,2021-11-04 19:15:22
169,Rokytnice Nad Jizerou,CZ,50.7256,15.4336,42.3,92,100,18.5,light rain,2021-11-04 19:15:22
170,Azare,NG,11.6765,10.1948,85.62,21,100,9.42,overcast clouds,2021-11-04 19:15:22
171,Mehamn,NO,71.0357,27.8492,37.31,69,75,3.44,broken clouds,2021-11-04 19:15:23
172,Batticaloa,LK,7.7102,81.6924,78.04,84,100,5.39,moderate rain,2021-11-04 19:15:23
173,Airai,TL,-8.9266,125.4092,61.66,78,98,1.99,overcast clouds,2021-11-04 19:15:23
174,Lata,PT,40.1629,-8.3327,55.06,80,3,3.78,clear sky,2021-11-04 19:15:23
175,Kirakira,SB,-10.4544,161.9205,78.94,85,89,5.79,overcast clouds,2021-11-04 19:15:24
176,Mawlaik,MM,23.6333,94.4167,68.63,99,32,0.81,scattered clouds,2021-11-04 19:15:24
177,Dickson,US,36.077,-87.3878,54.54,45,1,5.99,clear sky,2021-11-04 19:12:04
178,Teberda,RU,43.4456,41.7448,43.57,86,28,4.65,scattered clouds,2021-11-04 19:15:24
179,Sorland,NO,67.667,12.6934,42.66,76,100,16.82,overcast clouds,2021-11-04 19:15:25
180,Aksha,RU,50.2814,113.2867,12.11,48,96,16.35,overcast clouds,2021-11-04 19:15:25
181,Hobart,AU,-42.8794,147.3294,46.11,91,20,3.0,few clouds,2021-11-04 19:15:25
182,San Policarpo,PH,12.1791,125.5072,80.83,83,100,11.34,overcast clouds,2021-11-04 19:15:26
183,Kavieng,PG,-2.5744,150.7967,82.27,71,100,15.59,overcast clouds,2021-11-04 19:16:26
184,Palmas De Monte Alto,BR,-14.2672,-43.1619,72.77,90,75,9.89,heavy intensity rain,2021-11-04 19:16:26
185,Ilulissat,GL,69.2167,-51.1,30.22,59,40,18.41,scattered clouds,2021-11-04 19:12:29
186,Kununurra,AU,-15.7667,128.7333,78.78,89,75,3.44,broken clouds,2021-11-04 19:16:27
187,Dakar,SN,14.6937,-17.4441,83.28,94,0,2.3,clear sky,2021-11-04 19:16:27
188,Isiro,CD,2.7739,27.616,65.52,99,100,1.32,light rain,2021-11-04 19:16:27
189,Juneau,US,58.3019,-134.4197,41.11,95,90,0.0,overcast clouds,2021-11-04 19:15:17
190,Bethel,US,41.3712,-73.414,51.08,46,20,4.61,few clouds,2021-11-04 19:16:28
191,Svetlogorsk,BY,52.6333,29.7333,49.48,88,100,15.23,overcast clouds,2021-11-04 19:16:28
192,Peschanokopskoye,RU,46.1961,41.0775,52.93,65,28,7.76,scattered clouds,2021-11-04 19:16:28
193,Rapid Valley,US,44.0625,-103.1463,70.03,35,1,3.0,clear sky,2021-11-04 19:16:29
194,Bonavista,CA,48.6499,-53.1147,45.12,85,14,24.47,few clouds,2021-11-04 19:16:29
195,Bereda,ES,43.2686,-7.5406,49.75,98,8,1.88,clear sky,2021-11-04 19:11:49
196,Kalangala,UG,-0.3089,32.225,69.48,79,14,5.48,few clouds,2021-11-04 19:16:29
197,Los Llanos De Aridane,ES,28.6585,-17.9182,68.13,84,75,9.22,broken clouds,2021-11-04 19:16:29
198,Bafang,CM,5.1563,10.1788,64.76,88,52,3.13,broken clouds,2021-11-04 19:16:30
199,Palmer,US,42.1584,-72.3287,51.06,40,75,1.01,broken clouds,2021-11-04 19:16:30
200,Bambous Virieux,MU,-20.3428,57.7575,71.85,83,20,3.44,few clouds,2021-11-04 19:16:30
201,Ambunti,PG,-4.2365,142.8448,73.54,99,96,1.03,overcast clouds,2021-11-04 19:16:31
202,Tuatapere,NZ,-46.1333,167.6833,50.83,93,100,2.28,overcast clouds,2021-11-04 19:16:31
203,Umm Lajj,SA,25.0213,37.2685,82.06,59,0,8.23,clear sky,2021-11-04 19:16:31
204,Jian,CN,27.1172,114.9793,66.63,96,100,0.36,light rain,2021-11-04 19:16:32
205,Sergeyevka,KZ,53.88,67.4158,19.29,69,28,11.68,scattered clouds,2021-11-04 19:16:32
206,Kasongo,CD,-4.45,26.6667,68.11,98,100,5.12,moderate rain,2021-11-04 19:16:32
207,Jiazi,CN,22.8779,116.067,73.36,82,98,8.9,overcast clouds,2021-11-04 19:16:33
208,Golden,US,39.7555,-105.2211,70.09,24,20,3.0,few clouds,2021-11-04 19:16:33
209,Sabha,LY,27.0377,14.4283,79.39,15,0,6.2,clear sky,2021-11-04 19:16:33
210,Mezen,RU,65.8522,44.24,36.61,99,100,6.58,overcast clouds,2021-11-04 19:16:34
211,Gat,IL,31.61,34.7642,71.4,72,0,7.4,clear sky,2021-11-04 19:16:34
212,Chuy,UY,-33.6971,-53.4616,72.45,79,59,9.35,broken clouds,2021-11-04 19:16:34
213,Naze,JP,28.3667,129.4833,65.35,66,6,10.27,clear sky,2021-11-04 19:16:34
214,Saldanha,ZA,-33.0117,17.9442,62.26,85,100,8.88,overcast clouds,2021-11-04 19:16:35
215,El Seibo,DO,18.7641,-69.0375,85.53,75,69,9.35,broken clouds,2021-11-04 19:16:35
216,The Valley,AI,18.217,-63.0578,85.86,75,16,14.23,few clouds,2021-11-04 19:12:05
217,Raudeberg,NO,61.9875,5.1352,45.19,95,100,3.0,overcast clouds,2021-11-04 19:16:36
218,Majenang,ID,-7.2975,108.7642,74.59,97,100,0.56,overcast clouds,2021-11-04 19:16:36
219,Bubaque,GW,11.2833,-15.8333,83.17,75,3,9.19,clear sky,2021-11-04 19:12:34
220,Faanui,PF,-16.4833,-151.75,78.87,76,19,11.16,few clouds,2021-11-04 19:16:36
221,Bathsheba,BB,13.2167,-59.5167,86.61,62,20,18.41,few clouds,2021-11-04 19:16:36
222,Quixeramobim,BR,-5.1992,-39.2928,98.49,23,16,5.99,few clouds,2021-11-04 19:16:37
223,Sayyan,YE,15.1718,44.3244,56.82,31,3,3.71,clear sky,2021-11-04 19:16:37
224,Pochutla,MX,15.7432,-96.4661,90.82,53,58,5.7,broken clouds,2021-11-04 19:16:37
225,Poum,NC,-20.2333,164.0167,73.89,70,86,13.78,overcast clouds,2021-11-04 19:15:20
226,Ada,US,43.4166,-116.1262,58.82,57,90,18.01,overcast clouds,2021-11-04 19:16:38
227,Nova Borova,UA,50.693,28.6345,56.26,70,100,17.27,overcast clouds,2021-11-04 19:16:38
228,Hasaki,JP,35.7333,140.8333,50.4,54,37,12.73,scattered clouds,2021-11-04 19:13:10
229,Lagoa,PT,39.05,-27.9833,67.24,84,100,26.8,overcast clouds,2021-11-04 19:17:39
230,Nihommatsu,JP,37.5833,140.4333,47.3,82,2,1.48,clear sky,2021-11-04 19:17:39
231,Saint-Pierre,RE,-21.3393,55.4781,73.08,80,75,5.75,broken clouds,2021-11-04 19:17:39
232,Tual,ID,-5.6667,132.75,83.64,76,100,8.16,overcast clouds,2021-11-04 19:17:40
233,Inta,RU,66.0317,60.1659,33.58,97,100,24.38,light rain,2021-11-04 19:17:40
234,Vardo,NO,70.3705,31.1107,33.78,80,75,10.36,broken clouds,2021-11-04 19:17:40
235,Turukhansk,RU,65.8167,87.9833,21.24,95,100,21.41,snow,2021-11-04 19:17:41
236,Wana,PK,32.2989,69.5725,55.72,36,2,0.89,clear sky,2021-11-04 19:17:41
237,Helong,CN,42.5397,128.9972,39.72,75,12,4.23,few clouds,2021-11-04 19:17:41
238,Awbari,LY,26.5921,12.7805,79.11,15,0,9.28,clear sky,2021-11-04 19:17:41
239,Lebu,CL,-37.6167,-73.65,54.95,55,0,19.06,clear sky,2021-11-04 19:17:42
240,Acapulco,MX,16.8634,-99.8901,84.02,74,90,4.61,overcast clouds,2021-11-04 19:17:42
241,Touros,BR,-5.1989,-35.4608,85.1,67,52,12.12,broken clouds,2021-11-04 19:17:42
242,Tanggu,CN,39.0211,117.6469,46.36,61,0,4.34,clear sky,2021-11-04 19:17:43
243,Yerofey Pavlovich,RU,53.9667,121.9667,27.37,49,100,11.54,overcast clouds,2021-11-04 19:17:43
244,Grand Gaube,MU,-20.0064,57.6608,72.0,76,0,5.01,clear sky,2021-11-04 19:17:43
245,Nanortalik,GL,60.1432,-45.2371,36.32,83,75,5.35,light rain,2021-11-04 19:17:43
246,Boyolangu,ID,-8.1181,111.8935,75.51,90,98,1.95,overcast clouds,2021-11-04 19:17:44
247,Cabedelo,BR,-6.9811,-34.8339,84.87,69,99,11.07,overcast clouds,2021-11-04 19:17:44
248,Kargasok,RU,59.0556,80.8572,18.63,89,100,12.3,overcast clouds,2021-11-04 19:17:44
249,Puerto Carreno,CO,6.189,-67.4859,91.49,51,100,8.75,overcast clouds,2021-11-04 19:17:45
250,Biak,ID,-0.9131,122.8766,76.57,85,100,0.4,overcast clouds,2021-11-04 19:17:45
251,Seydisehir,TR,37.4193,31.8453,54.09,60,0,4.52,clear sky,2021-11-04 19:17:45
252,Enid,US,36.3956,-97.8784,59.02,71,75,5.99,broken clouds,2021-11-04 19:14:56
253,Sorong,ID,-0.8833,131.25,80.29,83,100,5.08,light rain,2021-11-04 19:17:46
254,Saint-Joseph,RE,-21.3667,55.6167,71.98,81,14,4.27,few clouds,2021-11-04 19:17:46
255,Rorvik,NO,64.8621,11.2373,42.91,100,75,4.61,broken clouds,2021-11-04 19:17:46
256,Provideniya,RU,64.3833,-173.3,13.06,79,92,11.07,overcast clouds,2021-11-04 19:17:47
257,Sao Raimundo Nonato,BR,-9.0153,-42.6994,86.68,50,100,1.88,overcast clouds,2021-11-04 19:17:47
258,Bow Island,CA,49.8668,-111.3684,61.81,60,3,8.05,clear sky,2021-11-04 19:15:47
259,Leningradskiy,RU,69.3833,178.4167,-8.97,94,94,5.5,overcast clouds,2021-11-04 19:17:47
260,Tulsipur,NP,28.131,82.2973,59.43,73,0,4.52,clear sky,2021-11-04 19:17:48
261,Turtas,RU,58.9417,69.1325,26.85,87,66,10.47,broken clouds,2021-11-04 19:17:48
262,Vung Tau,VN,10.346,107.0843,80.38,82,100,12.77,overcast clouds,2021-11-04 19:17:48
263,Mahebourg,MU,-20.4081,57.7,71.89,83,20,3.44,few clouds,2021-11-04 19:17:49
264,Narsaq,GL,60.9167,-46.05,34.02,97,100,3.58,overcast clouds,2021-11-04 19:17:49
265,Zilair,RU,52.2332,57.4392,22.23,38,0,5.55,clear sky,2021-11-04 19:17:49
266,Brownwood,US,31.7093,-98.9912,54.72,66,99,6.91,overcast clouds,2021-11-04 19:14:23
267,Carnarvon,AU,-24.8667,113.6333,64.47,72,40,20.71,scattered clouds,2021-11-04 19:12:58
268,Lahat,ID,-3.8,103.5333,73.18,98,100,1.52,light rain,2021-11-04 19:17:50
269,Ostrovnoy,RU,68.0531,39.5131,36.23,91,100,15.41,overcast clouds,2021-11-04 19:17:50
270,Fernan-Nunez,ES,37.6884,-4.7247,52.29,51,9,4.79,clear sky,2021-11-04 19:18:50
271,Pucallpa,PE,-8.3791,-74.5539,86.04,66,75,3.44,broken clouds,2021-11-04 19:18:51
272,Lasa,IT,46.6166,10.7002,38.03,94,86,2.8,overcast clouds,2021-11-04 19:18:51
273,Chake Chake,TZ,-5.2459,39.7666,76.78,86,5,6.13,clear sky,2021-11-04 19:18:51
274,Pevek,RU,69.7008,170.3133,-10.5,95,100,7.09,overcast clouds,2021-11-04 19:18:52
275,Bogorodskoye,RU,56.55,37.8833,41.67,92,100,7.99,overcast clouds,2021-11-04 19:18:52
276,Grindavik,IS,63.8424,-22.4338,41.47,93,75,11.5,broken clouds,2021-11-04 19:18:52
277,Boa Vista,BR,2.8197,-60.6733,93.18,40,40,11.5,scattered clouds,2021-11-04 19:17:47
278,Ahlat,TR,38.7518,42.4814,51.03,57,1,5.5,clear sky,2021-11-04 19:18:53
279,Cap-Aux-Meules,CA,47.3821,-61.8597,41.05,60,75,17.27,broken clouds,2021-11-04 19:15:02
280,Bengkulu,ID,-3.8004,102.2655,75.16,90,100,3.91,moderate rain,2021-11-04 19:18:53
281,Poltavka,RU,54.3663,71.7632,24.31,56,38,15.14,scattered clouds,2021-11-04 19:18:53
282,Vilhena,BR,-12.7406,-60.1458,84.42,61,40,12.66,scattered clouds,2021-11-04 19:18:54
283,Coquimbo,CL,-29.9533,-71.3436,64.13,63,0,17.27,clear sky,2021-11-04 19:18:54
284,Hervey Bay,AU,-25.2986,152.8535,65.01,82,100,10.13,overcast clouds,2021-11-04 19:18:54
285,Senneterre,CA,48.3835,-77.2328,32.22,42,94,7.81,overcast clouds,2021-11-04 19:18:55
286,Nemuro,JP,43.3236,145.575,48.92,78,100,12.35,overcast clouds,2021-11-04 19:18:55
287,Luderitz,NA,-26.6481,15.1594,61.47,77,70,17.34,broken clouds,2021-11-04 19:18:55
288,Antalaha,MG,-14.9003,50.2788,71.53,87,6,3.65,clear sky,2021-11-04 19:18:56
289,Bereznik,RU,62.8551,42.7072,39.96,97,100,5.03,light rain,2021-11-04 19:18:56
290,Ust-Ishim,RU,57.6935,71.1665,25.48,88,76,9.01,broken clouds,2021-11-04 19:18:56
291,Agua Branca,BR,-5.8922,-42.6361,85.53,53,100,4.09,overcast clouds,2021-11-04 19:18:56
292,Atar,MR,20.5169,-13.0499,86.59,16,74,7.36,broken clouds,2021-11-04 19:18:57
293,Clyde River,CA,70.4692,-68.5914,21.96,85,100,26.78,light snow,2021-11-04 19:18:57
294,Adrar,MR,20.5022,-10.0711,81.32,18,0,4.21,clear sky,2021-11-04 19:18:58
295,Aksarka,RU,66.5606,67.7975,34.29,91,100,20.31,overcast clouds,2021-11-04 19:18:58
296,Shasta Lake,US,40.6804,-122.3708,64.56,79,95,3.0,overcast clouds,2021-11-04 19:18:58
297,Richards Bay,ZA,-28.783,32.0377,70.09,77,100,11.77,overcast clouds,2021-11-04 19:18:58
298,Gaozhou,CN,21.9392,110.8461,71.58,93,3,4.25,clear sky,2021-11-04 19:18:59
299,Sao Joao Da Barra,BR,-21.6403,-41.0511,77.09,78,14,14.92,few clouds,2021-11-04 19:18:59
300,Lowestoft,GB,52.4752,1.7516,46.94,89,79,21.36,broken clouds,2021-11-04 19:18:59
301,Namibe,AO,-15.1961,12.1522,66.16,83,51,4.03,broken clouds,2021-11-04 19:19:00
302,Llanes,ES,43.4198,-4.7549,50.86,79,100,8.81,light rain,2021-11-04 19:19:00
303,Voh,NC,-20.9667,164.7,69.71,76,96,3.65,overcast clouds,2021-11-04 19:19:00
304,San Cristobal,VE,7.7669,-72.225,80.78,60,100,1.86,overcast clouds,2021-11-04 19:19:01
305,Encruzilhada,BR,-15.5314,-40.9094,72.01,93,100,4.34,light rain,2021-11-04 19:19:01
306,Hambantota,LK,6.1241,81.1185,79.39,82,86,12.77,light rain,2021-11-04 19:19:02
307,Zhob,PK,31.3411,69.4481,57.92,34,5,4.81,clear sky,2021-11-04 19:19:02
308,Orasac,BA,44.6289,16.0711,50.83,94,36,4.9,scattered clouds,2021-11-04 19:19:03
309,Vavozh,RU,56.7751,51.931,32.77,78,100,16.35,light snow,2021-11-04 19:19:03
310,Mogok,MM,22.9167,96.5,60.55,94,63,1.86,broken clouds,2021-11-04 19:19:04
311,Douglas,US,41.3,-96.167,57.6,63,40,8.01,scattered clouds,2021-11-04 19:16:18
312,Iqaluit,CA,63.7506,-68.5145,20.93,62,75,4.0,light snow,2021-11-04 19:19:04
313,Pierre,US,44.3683,-100.351,56.32,50,1,6.91,clear sky,2021-11-04 19:19:05
314,Wanning,CN,18.8003,110.3967,76.89,90,47,4.34,scattered clouds,2021-11-04 19:20:05
315,Altay,CN,47.8667,88.1167,4.21,55,0,3.56,clear sky,2021-11-04 19:20:06
316,Nome,US,64.5011,-165.4064,17.67,80,90,0.0,overcast clouds,2021-11-04 19:20:06
317,Havre-Saint-Pierre,CA,50.2334,-63.5986,39.56,52,40,11.5,scattered clouds,2021-11-04 19:20:07
318,Cayenne,GF,4.9333,-52.3333,87.84,79,0,4.0,clear sky,2021-11-04 19:16:34
319,Shakhtinsk,KZ,49.71,72.5872,4.53,91,19,6.22,few clouds,2021-11-04 19:20:08
320,Ambulu,ID,-8.345,113.6058,75.63,94,100,2.53,overcast clouds,2021-11-04 19:17:47
321,Pisco,PE,-13.7,-76.2167,71.65,68,0,24.16,clear sky,2021-11-04 19:20:09
322,Laguna,US,38.421,-121.4238,70.11,67,1,3.0,clear sky,2021-11-04 19:20:09
323,Oktyabrskoye,RU,43.0645,44.7417,46.54,93,50,2.24,fog,2021-11-04 19:20:09
324,Lukang,TW,24.0567,120.4352,77.43,90,0,4.54,clear sky,2021-11-04 19:20:10
325,Polovinnoye,RU,54.7914,65.9864,20.59,70,71,11.88,broken clouds,2021-11-04 19:20:10
326,Marsh Harbour,BS,26.5412,-77.0636,78.49,61,100,6.04,overcast clouds,2021-11-04 19:20:10
327,Plock,PL,52.5468,19.7064,49.96,69,72,19.8,broken clouds,2021-11-04 19:20:11
328,Portland,US,45.5234,-122.6762,59.09,91,90,4.0,moderate rain,2021-11-04 19:15:16
329,Marienburg,PL,54.0359,19.0266,49.05,73,99,22.66,overcast clouds,2021-11-04 19:20:11
330,Kalabo,ZM,-14.97,22.6814,75.72,52,86,6.26,light rain,2021-11-04 19:20:11
331,Lahij,YE,13.1667,44.5833,77.97,47,0,3.8,clear sky,2021-11-04 19:20:12
332,Sokolovyy,RU,51.5686,45.8331,39.34,41,100,4.0,overcast clouds,2021-11-04 19:20:12
333,Necochea,AR,-38.5473,-58.7368,59.04,97,100,11.72,light rain,2021-11-04 19:20:12
334,Yarega,RU,63.4354,53.5765,33.39,97,100,11.56,overcast clouds,2021-11-04 19:20:13
335,Nuuk,GL,64.1835,-51.7216,30.81,86,75,14.97,broken clouds,2021-11-04 19:20:13
336,Beloha,MG,-25.1667,45.05,69.91,84,8,7.67,clear sky,2021-11-04 19:20:13
337,Mabay,PH,6.0577,124.4666,77.83,87,84,4.63,broken clouds,2021-11-04 19:20:14
338,South Lake Tahoe,US,38.9332,-119.9844,58.95,60,1,20.71,clear sky,2021-11-04 19:19:02
339,Puerto Ayacucho,VE,5.6639,-67.6236,88.66,64,99,5.3,overcast clouds,2021-11-04 19:20:14
340,Sakakah,SA,29.9697,40.2064,71.17,43,0,6.69,clear sky,2021-11-04 19:20:14
341,Puerto Leguizamo,CO,-0.1934,-74.7819,85.69,71,86,4.52,overcast clouds,2021-11-04 19:20:15
342,Tirumullaivasal,IN,11.2333,79.8333,78.53,87,100,6.51,overcast clouds,2021-11-04 19:20:15
343,Lorengau,PG,-2.0226,147.2712,80.37,84,100,7.09,overcast clouds,2021-11-04 19:20:15
344,Meadow Lake,US,34.8014,-106.5436,67.41,34,0,6.69,clear sky,2021-11-04 19:20:16
345,Ekhabi,RU,53.5102,142.9671,27.75,99,56,3.42,broken clouds,2021-11-04 19:20:16
346,Linxia,CN,35.6003,103.2064,43.99,69,0,4.21,clear sky,2021-11-04 19:20:16
347,Sitka,US,57.0531,-135.33,39.09,87,75,4.61,broken clouds,2021-11-04 19:20:16
348,Bertoua,CM,4.5833,13.6833,70.09,96,99,3.18,light rain,2021-11-04 19:20:17
349,Vila Franca Do Campo,PT,37.7167,-25.4333,69.19,78,100,15.64,overcast clouds,2021-11-04 19:20:17
350,Aswan,EG,24.0934,32.907,82.6,26,0,10.92,clear sky,2021-11-04 19:20:17
351,Benguela,AO,-12.5763,13.4055,77.16,76,100,8.75,overcast clouds,2021-11-04 19:20:18
352,Tazmalt,DZ,36.3868,4.3989,55.69,75,65,4.47,broken clouds,2021-11-04 19:20:18
353,Qaqortoq,GL,60.7167,-46.0333,34.3,94,100,4.83,overcast clouds,2021-11-04 19:16:40
354,Kahului,US,20.8947,-156.47,82.42,81,40,18.41,scattered clouds,2021-11-04 19:20:18
355,Souillac,MU,-20.5167,57.5167,71.98,83,20,3.44,few clouds,2021-11-04 19:20:19
356,Ucluelet,CA,48.9329,-125.5528,56.08,93,100,1.99,light rain,2021-11-04 19:18:43
357,Chancay,PE,-11.5714,-77.2672,72.55,73,12,9.35,few clouds,2021-11-04 19:20:19
358,Maldonado,UY,-34.6667,-54.9167,72.79,74,92,7.87,overcast clouds,2021-11-04 19:20:20
359,Dingle,PH,10.9995,122.6711,76.48,93,100,4.79,overcast clouds,2021-11-04 19:20:20
360,Zhuhai,CN,22.2769,113.5678,78.06,88,40,10.36,scattered clouds,2021-11-04 19:20:20
361,Laranjeiras Do Sul,BR,-25.4078,-52.4161,66.6,90,94,2.44,light rain,2021-11-04 19:21:20
362,Progreso,MX,21.2833,-89.6667,88.11,59,96,9.86,overcast clouds,2021-11-04 19:21:21
363,Marzuq,YE,14.4,46.4667,71.13,25,0,2.15,clear sky,2021-11-04 19:21:21
364,Kruisfontein,ZA,-34.0033,24.7314,57.88,86,16,1.88,few clouds,2021-11-04 19:21:21
365,Pankrushikha,RU,53.8319,80.3406,15.94,81,100,13.67,overcast clouds,2021-11-04 19:21:22
366,Kangaatsiaq,GL,68.3065,-53.4641,33.3,70,100,17.47,overcast clouds,2021-11-04 19:21:22
367,Amarante Do Maranhao,BR,-5.5667,-46.7422,82.0,63,100,2.06,overcast clouds,2021-11-04 19:21:22
368,Kokopo,PG,-4.352,152.2633,76.93,84,84,4.09,broken clouds,2021-11-04 19:21:22
369,Cedar City,US,37.6775,-113.0619,63.57,25,1,14.97,clear sky,2021-11-04 19:21:23
370,Puerto Penasco,MX,31.3167,-113.5333,75.9,67,0,7.0,clear sky,2021-11-04 19:21:23
371,Birjand,IR,32.8663,59.2211,54.07,62,40,11.5,scattered clouds,2021-11-04 19:21:23
372,Pangnirtung,CA,66.1451,-65.7125,21.2,73,75,0.0,broken clouds,2021-11-04 19:21:24
373,Berezovyy,RU,51.6667,135.7,29.34,90,99,2.37,overcast clouds,2021-11-04 19:21:24
374,Shingu,JP,33.7333,135.9833,52.54,79,0,7.96,clear sky,2021-11-04 19:21:24
375,Paita,PE,-5.0892,-81.1144,77.56,69,57,15.73,broken clouds,2021-11-04 19:21:24
376,Nawabganj,BD,24.5911,88.271,68.22,59,18,3.6,few clouds,2021-11-04 19:21:25
377,Balkhash,KZ,46.844,74.9804,18.54,47,2,9.71,clear sky,2021-11-04 19:21:25
378,Phalaborwa,ZA,-23.943,31.1411,81.68,56,44,4.5,scattered clouds,2021-11-04 19:21:25
379,Buala,SB,-8.145,159.5921,79.99,79,100,6.69,light rain,2021-11-04 19:21:26
380,Sheridan,US,44.8333,-106.9173,71.31,31,1,3.0,clear sky,2021-11-04 19:21:26
381,Astoria,US,46.1879,-123.8313,57.7,95,90,7.0,light rain,2021-11-04 19:21:26
382,Minab,IR,27.1467,57.0801,81.9,64,0,1.5,clear sky,2021-11-04 19:21:27
383,Pangody,RU,65.85,74.4859,25.21,91,76,19.28,broken clouds,2021-11-04 19:21:27
384,Banyo,CM,6.75,11.8167,70.14,80,61,2.93,broken clouds,2021-11-04 19:21:27
385,Padilla,CO,3.2204,-76.3139,83.89,70,70,1.3,broken clouds,2021-11-04 19:21:28
386,Krasnovishersk,RU,60.4078,57.082,30.58,91,100,11.21,light snow,2021-11-04 19:21:28
387,Areia Branca,BR,-4.9561,-37.1369,86.2,67,100,16.58,overcast clouds,2021-11-04 19:21:28
388,Sabang,ID,5.8933,95.3214,81.27,74,100,6.44,light rain,2021-11-04 19:21:29
389,Hurghada,EG,27.2574,33.8129,76.32,49,0,11.74,clear sky,2021-11-04 19:21:29
390,Dzhubga,RU,44.3211,38.7039,60.98,81,53,4.54,broken clouds,2021-11-04 19:21:29
391,Constitucion,CL,-35.3333,-72.4167,62.01,46,0,25.75,clear sky,2021-11-04 19:21:30
392,Nepomuceno,BR,-21.2358,-45.2358,82.4,45,38,6.4,scattered clouds,2021-11-04 19:21:30
393,Russell,US,32.3502,-85.1999,61.88,65,90,6.91,overcast clouds,2021-11-04 19:21:30
394,Atasu,KZ,48.6814,71.6433,13.23,63,14,2.91,few clouds,2021-11-04 19:21:31
395,Kontagora,NG,10.3999,5.4695,82.13,50,7,4.27,clear sky,2021-11-04 19:21:31
396,Ancud,CL,-41.8697,-73.8203,54.93,64,75,10.25,broken clouds,2021-11-04 19:16:33
397,Garachine,PA,8.0647,-78.3628,79.32,82,98,5.55,overcast clouds,2021-11-04 19:21:31
398,Robertsport,LR,6.7533,-11.3686,81.23,78,2,8.3,clear sky,2021-11-04 19:21:31
399,Ahipara,NZ,-35.1667,173.1667,58.35,93,100,5.88,light rain,2021-11-04 19:21:32
400,Remedios,CU,22.4947,-79.5458,81.52,73,100,5.99,light rain,2021-11-04 19:21:32
401,Atchison,US,39.563,-95.1216,55.0,65,17,12.91,few clouds,2021-11-04 19:21:32
402,Vrangel,RU,42.7297,133.0839,44.73,81,2,5.44,clear sky,2021-11-04 19:21:33
403,Kosa,RU,59.9445,54.9977,30.25,96,100,12.26,light snow,2021-11-04 19:21:33
404,Flagstaff,US,35.1981,-111.6513,66.43,25,1,3.0,clear sky,2021-11-04 19:16:49
405,Saint-Augustin,CA,51.226,-58.6502,40.44,45,42,9.33,scattered clouds,2021-11-04 19:21:33
406,Mount Isa,AU,-20.7333,139.5,73.17,64,3,0.0,light rain,2021-11-04 19:21:34
407,Eregli,TR,37.5133,34.0467,55.26,54,0,1.03,clear sky,2021-11-04 19:21:34
408,Srednekolymsk,RU,67.45,153.6833,-12.15,92,80,2.28,broken clouds,2021-11-04 19:21:34
409,Saint-Raymond,CA,45.467,-73.6095,45.05,47,40,2.3,scattered clouds,2021-11-04 19:22:34
410,Vostochnyy,RU,55.8167,37.8667,44.98,90,100,5.93,overcast clouds,2021-11-04 19:22:35
411,Los Lunas,US,34.8062,-106.7334,69.58,34,0,1.01,clear sky,2021-11-04 19:22:35
412,Ketchikan,US,55.3422,-131.6461,45.07,76,90,9.22,light rain,2021-11-04 19:22:35
413,Padang,ID,-0.9492,100.3543,76.59,87,100,1.74,overcast clouds,2021-11-04 19:22:36
414,El Salto,MX,20.3333,-104.5,77.9,37,68,2.55,broken clouds,2021-11-04 19:22:36
415,Khasan,RU,42.4308,130.6434,47.26,85,7,3.11,clear sky,2021-11-04 19:22:36
416,Erzin,TR,36.9559,36.2,63.32,56,0,2.59,clear sky,2021-11-04 19:22:37
417,Menongue,AO,-14.6585,17.691,72.91,50,100,3.8,overcast clouds,2021-11-04 19:22:37
418,Stari Banovci,RS,44.9864,20.2867,59.97,98,75,6.91,heavy intensity rain,2021-11-04 19:22:37
419,Harqalah,TN,36.0303,10.509,68.59,64,20,6.91,few clouds,2021-11-04 19:22:37
420,Riyadh,SA,24.6877,46.7219,73.54,20,0,5.37,clear sky,2021-11-04 19:22:38
421,Nadym,RU,65.5333,72.5167,26.8,89,18,20.33,few clouds,2021-11-04 19:22:38
422,Resplendor,BR,-19.3256,-41.2553,82.94,73,35,2.17,scattered clouds,2021-11-04 19:22:38
423,Illapel,CL,-31.6308,-71.1653,71.47,44,100,9.22,overcast clouds,2021-11-04 19:22:39
424,Port Lincoln,AU,-34.7333,135.8667,57.83,85,100,11.56,overcast clouds,2021-11-04 19:22:39
425,Almaznyy,RU,48.0448,40.045,51.94,94,91,6.17,overcast clouds,2021-11-04 19:22:39
426,Walvis Bay,NA,-22.9575,14.5053,58.15,82,30,5.75,scattered clouds,2021-11-04 19:22:39
427,Mitu,CO,1.1983,-70.1733,81.59,86,98,1.86,overcast clouds,2021-11-04 19:22:40
428,Never,FR,46.9896,3.159,44.35,94,40,3.4,scattered clouds,2021-11-04 19:22:40
429,Mombetsu,JP,44.3525,143.3525,46.44,94,99,3.38,overcast clouds,2021-11-04 19:22:40
430,Topeka,US,39.0483,-95.678,55.74,71,90,3.0,overcast clouds,2021-11-04 19:22:41
431,Shellbrook,CA,53.2168,-106.4011,42.03,49,100,2.48,overcast clouds,2021-11-04 19:17:57
432,Baruun-Urt,MN,46.6806,113.2792,21.09,45,99,20.56,overcast clouds,2021-11-04 19:22:41
433,Syamzha,RU,60.0158,41.0614,43.68,89,100,11.7,overcast clouds,2021-11-04 19:22:41
434,Manzhouli,CN,49.6,117.4333,20.7,33,100,23.11,overcast clouds,2021-11-04 19:22:42
435,Pinawa,CA,50.1489,-95.8811,46.45,50,79,8.37,broken clouds,2021-11-04 19:22:42
436,Sambava,MG,-14.2667,50.1667,74.05,80,90,4.65,overcast clouds,2021-11-04 19:22:42
437,Oktyabrsk,KZ,49.4744,57.4233,23.29,41,0,8.43,clear sky,2021-11-04 19:22:42
438,Gwadar,PK,25.1216,62.3254,77.99,67,0,9.46,clear sky,2021-11-04 19:22:43
439,Coxim,BR,-18.5067,-54.76,96.31,35,97,7.56,overcast clouds,2021-11-04 19:22:43
440,Faya,SA,18.3851,42.4509,60.91,35,0,2.13,clear sky,2021-11-04 19:22:43
441,Eirunepe,BR,-6.6603,-69.8736,86.95,60,100,3.33,overcast clouds,2021-11-04 19:22:44
442,De-Kastri,RU,51.4667,140.7833,30.58,80,11,4.34,few clouds,2021-11-04 19:22:44
443,Bardiyah,LY,31.7561,25.0865,73.8,73,0,8.25,clear sky,2021-11-04 19:22:44
444,Zarechnyy,RU,53.2036,45.1923,35.31,28,100,10.38,overcast clouds,2021-11-04 19:22:45
445,Lexington,US,37.9887,-84.4777,53.73,36,1,1.99,clear sky,2021-11-04 19:21:29
446,Longkou,CN,37.6508,120.3286,56.62,86,41,10.42,scattered clouds,2021-11-04 19:22:45
447,Bolobo,CD,-2.1667,16.2333,72.86,92,99,1.61,overcast clouds,2021-11-04 19:22:45
448,Taoudenni,ML,22.6783,-3.9836,89.04,15,5,8.48,clear sky,2021-11-04 19:22:46
449,Matamoros,MX,25.5333,-103.25,71.71,43,40,4.61,scattered clouds,2021-11-04 19:22:46
450,Berlevag,NO,70.8578,29.0864,37.35,60,75,6.91,broken clouds,2021-11-04 19:22:46
451,Laredo,US,27.5064,-99.5075,60.8,82,90,12.66,overcast clouds,2021-11-04 19:18:52
452,Katubao,PH,5.8892,124.8294,79.74,83,61,4.81,broken clouds,2021-11-04 19:22:47
453,Yukon,US,35.5067,-97.7625,55.27,75,90,1.01,overcast clouds,2021-11-04 19:19:33
454,Montepuez,MZ,-13.1256,38.9997,75.2,62,0,8.21,clear sky,2021-11-04 19:22:47
455,Tessalit,ML,20.1986,1.0114,86.02,11,0,5.35,clear sky,2021-11-04 19:22:47
456,Ojinaga,MX,29.5667,-104.4167,67.57,67,75,0.0,broken clouds,2021-11-04 19:23:48
457,Sola,VU,-13.8833,167.55,78.71,78,79,2.62,broken clouds,2021-11-04 19:23:48
458,Bitung,ID,1.4451,125.1824,76.05,80,100,4.56,heavy intensity rain,2021-11-04 19:23:48
459,Port Arthur,CN,38.8,121.2667,59.92,80,0,11.01,clear sky,2021-11-04 19:22:02
460,Xian,CN,34.2583,108.9286,52.61,74,15,3.31,few clouds,2021-11-04 19:23:49
461,Udachnyy,RU,66.4167,112.4,-8.61,92,96,11.9,overcast clouds,2021-11-04 19:23:49
462,Henties Bay,NA,-22.116,14.2845,59.76,87,71,8.66,broken clouds,2021-11-04 19:23:49
463,Oussouye,SN,12.485,-16.5469,86.18,87,94,5.84,light rain,2021-11-04 19:23:50
464,Nelson Bay,AU,-32.7167,152.15,66.99,84,100,1.99,overcast clouds,2021-11-04 19:23:50
465,Makhalino,RU,53.0854,46.2211,38.48,47,100,12.68,overcast clouds,2021-11-04 19:23:50
466,Andijon,UZ,40.7821,72.3442,38.48,44,100,6.6,overcast clouds,2021-11-04 19:23:51
467,Chernyshevskiy,RU,63.0128,112.4714,-4.77,97,97,8.68,overcast clouds,2021-11-04 19:23:51
468,Champerico,GT,14.3,-91.9167,91.94,70,94,5.79,overcast clouds,2021-11-04 19:23:51
469,Togur,RU,58.3631,82.8265,16.0,90,100,12.03,light snow,2021-11-04 19:23:51
470,Boras,SE,57.721,12.9401,43.75,92,99,6.98,overcast clouds,2021-11-04 19:23:52
471,Labuhan,ID,-6.8844,112.2051,78.62,81,100,5.26,overcast clouds,2021-11-04 19:23:52
472,Havelock,US,34.8791,-76.9013,57.15,57,100,10.76,overcast clouds,2021-11-04 19:23:52
473,Poli,TZ,-3.3333,36.8,65.37,67,69,6.11,broken clouds,2021-11-04 19:23:53
474,Aklavik,CA,68.2191,-135.0107,22.03,93,75,2.3,broken clouds,2021-11-04 19:23:53
475,Ayan,RU,56.45,138.1667,28.2,81,87,5.1,overcast clouds,2021-11-04 19:23:53
476,Bud,US,39.447,-86.1758,51.89,43,0,5.84,clear sky,2021-11-04 19:23:54
477,Nchelenge,ZM,-9.3451,28.734,75.65,68,45,3.22,scattered clouds,2021-11-04 19:23:54
478,Kita,ML,13.0349,-9.4895,85.15,43,100,3.96,light rain,2021-11-04 19:23:54
479,Japura,ID,-0.3167,102.35,73.69,99,100,1.66,overcast clouds,2021-11-04 19:23:55
480,Hanesti,RO,47.9167,26.9833,59.85,82,70,8.39,broken clouds,2021-11-04 19:23:55
481,Batemans Bay,AU,-35.7167,150.1833,64.2,95,100,1.25,overcast clouds,2021-11-04 19:23:55
482,Khromtau,KZ,50.2503,58.4347,21.52,43,0,7.7,clear sky,2021-11-04 19:23:55
483,Gornyy,RU,55.1153,83.9059,7.79,89,100,15.88,overcast clouds,2021-11-04 19:23:56
484,Fort Nelson,CA,58.8053,-122.7002,22.59,80,40,2.3,scattered clouds,2021-11-04 19:23:56
485,Merrill,US,45.1805,-89.6835,47.8,57,40,9.22,scattered clouds,2021-11-04 19:19:58
486,Huarmey,PE,-10.0681,-78.1522,69.6,71,16,10.76,few clouds,2021-11-04 19:23:56
487,Darhan,MN,49.4867,105.9228,9.88,56,100,9.44,overcast clouds,2021-11-04 19:23:57
488,Coulommiers,FR,48.8145,3.085,47.98,94,84,1.99,broken clouds,2021-11-04 19:23:57
489,Sangueya,GN,10.7,-14.3667,78.24,87,40,2.04,light rain,2021-11-04 19:23:57
490,Thinadhoo,MV,0.5333,72.9333,83.55,66,100,14.76,overcast clouds,2021-11-04 19:23:52
491,Vegueta,PE,-11.0231,-77.6431,68.04,73,17,10.74,few clouds,2021-11-04 19:23:58
492,Kieta,PG,-6.2167,155.6333,80.1,77,97,7.36,overcast clouds,2021-11-04 19:23:58
493,Nsanje,MW,-16.92,35.262,81.16,58,0,7.0,clear sky,2021-11-04 19:23:58
494,Chitral,PK,35.8462,71.7858,47.25,98,100,7.87,overcast clouds,2021-11-04 19:23:59
495,Ridgecrest,US,35.6225,-117.6709,77.02,23,1,1.99,clear sky,2021-11-04 19:22:59
496,Rampur,IN,28.8167,79.0333,66.29,55,0,4.9,clear sky,2021-11-04 19:23:59
497,Mustasaari,FI,63.1142,21.6822,42.75,93,90,5.75,light rain,2021-11-04 19:23:59
498,Bumba,CD,2.1833,22.4667,72.9,86,100,2.57,light rain,2021-11-04 19:24:00
499,Valparaiso,CL,-33.0393,-71.6273,73.04,40,0,19.57,clear sky,2021-11-04 19:24:00
500,Okahandja,NA,-21.9833,16.9167,80.91,15,47,14.65,scattered clouds,2021-11-04 19:24:00
501,Bayir,TR,37.2687,28.2167,57.72,75,5,2.13,clear sky,2021-11-04 19:24:01
502,Rocha,UY,-34.4833,-54.3333,74.97,73,98,7.61,overcast clouds,2021-11-04 19:25:01
503,Churapcha,RU,62.0025,132.4325,11.73,95,100,5.37,overcast clouds,2021-11-04 19:25:02
504,Akyab,MM,20.15,92.9,76.19,68,86,4.29,overcast clouds,2021-11-04 19:25:03
505,Malinta,PH,12.3022,123.5575,77.59,91,100,8.37,light rain,2021-11-04 19:25:04
506,Filadelfia,US,39.9523,-75.1638,53.49,43,90,1.01,overcast clouds,2021-11-04 19:23:32
507,Along,IN,28.1667,94.7667,56.77,77,6,1.72,clear sky,2021-11-04 19:25:04
508,Shache,CN,38.4167,77.2406,52.18,23,100,15.59,overcast clouds,2021-11-04 19:25:05
509,Takoradi,GH,4.8845,-1.7554,79.34,83,3,7.05,clear sky,2021-11-04 19:25:06
510,Moranbah,AU,-22.0016,148.0466,66.11,80,0,9.44,clear sky,2021-11-04 19:25:06
511,Okhotsk,RU,59.3833,143.3,14.18,81,88,10.51,overcast clouds,2021-11-04 19:20:15
512,Tabuk,PH,17.4189,121.4443,70.56,89,49,2.01,scattered clouds,2021-11-04 19:25:07
513,Cam Ranh,VN,11.9214,109.1591,78.76,83,20,5.75,few clouds,2021-11-04 19:25:07
514,Dezful,IR,32.3811,48.4058,78.08,34,15,4.68,few clouds,2021-11-04 19:25:08
515,Valdivia,CL,-39.8142,-73.2459,53.69,45,87,6.15,overcast clouds,2021-11-04 19:25:08
516,Chongoyape,PE,-6.6406,-79.3892,70.77,43,100,8.48,overcast clouds,2021-11-04 19:25:09
517,Palana,RU,59.1167,159.9667,32.02,96,100,19.51,light snow,2021-11-04 19:25:09
518,Sal Rei,CV,16.1833,-22.9167,80.8,74,0,12.66,clear sky,2021-11-04 19:25:10
519,Staryy Krym,UA,45.0333,35.1,54.5,96,24,7.7,few clouds,2021-11-04 19:25:10
520,Monroe,US,43.1501,-77.6831,46.78,63,90,6.91,overcast clouds,2021-11-04 19:20:31
521,Ridgeland,US,32.4285,-90.1323,57.88,57,1,8.05,clear sky,2021-11-04 19:21:59
522,Verkhniy Ufaley,RU,56.0567,60.2306,25.68,45,0,14.61,clear sky,2021-11-04 19:25:11
523,Coruripe,BR,-10.1256,-36.1756,83.16,68,30,22.48,scattered clouds,2021-11-04 19:25:11
524,Urumqi,CN,43.801,87.6005,14.95,86,75,4.47,light snow,2021-11-04 19:25:11
525,Vavuniya,LK,8.7514,80.4971,73.65,98,100,3.67,overcast clouds,2021-11-04 19:25:12
526,Lieksa,FI,63.3167,30.0167,45.19,95,100,11.36,overcast clouds,2021-11-04 19:25:12
527,Beroroha,MG,-21.6667,45.1667,81.5,48,0,8.16,clear sky,2021-11-04 19:25:12
528,Sumter,US,28.7086,-82.0831,78.3,79,100,9.57,overcast clouds,2021-11-04 19:25:12
529,Samfya,ZM,-11.3649,29.5565,77.05,48,4,5.73,clear sky,2021-11-04 19:25:13
530,Taylorville,US,39.5489,-89.2945,51.93,40,1,0.0,clear sky,2021-11-04 19:25:13
531,Iralaya,HN,15.0,-83.2333,84.29,72,61,6.69,broken clouds,2021-11-04 19:25:13
532,Road Town,VG,18.4167,-64.6167,84.29,79,40,6.91,scattered clouds,2021-11-04 19:23:06
533,Blythe,US,33.6103,-114.5964,81.05,21,1,0.0,clear sky,2021-11-04 19:25:14
534,Torit,SS,4.4133,32.5678,75.88,63,63,2.44,broken clouds,2021-11-04 19:25:14
535,Fram,PY,-26.9833,-55.8833,91.99,38,26,2.24,scattered clouds,2021-11-04 19:25:14
536,Mana,GF,5.6592,-53.7767,84.72,63,95,9.84,overcast clouds,2021-11-04 19:25:15
537,Abhar,IR,36.1468,49.218,47.16,90,100,6.13,overcast clouds,2021-11-04 19:25:15
538,Bredy,RU,52.4153,60.3411,24.91,38,3,12.01,clear sky,2021-11-04 19:25:15
539,Starkville,US,33.4504,-88.8184,57.07,64,20,4.61,few clouds,2021-11-04 19:25:16
540,Butler,US,39.4501,-84.5666,53.11,44,40,1.01,scattered clouds,2021-11-04 19:25:16
541,Tazovskiy,RU,67.4667,78.7,28.87,92,100,21.07,overcast clouds,2021-11-04 19:25:16
542,Fortuna,US,40.5982,-124.1573,58.93,72,75,1.99,broken clouds,2021-11-04 19:25:16
543,Manzanillo,CU,20.3433,-77.1167,87.46,55,24,3.76,few clouds,2021-11-04 19:25:17
544,Pavino,RU,59.1139,46.1414,40.96,93,100,12.15,overcast clouds,2021-11-04 19:25:17
545,Rio Grande,BR,-32.035,-52.0986,82.51,76,36,7.0,scattered clouds,2021-11-04 19:25:17
546,Rio Cuarto,AR,-33.1307,-64.3499,47.97,93,90,23.02,light intensity drizzle,2021-11-04 19:25:18
547,Algiers,DZ,36.7525,3.042,55.22,77,40,5.75,scattered clouds,2021-11-04 19:23:17
548,Shirokiy,RU,49.758,129.523,31.41,89,29,4.25,scattered clouds,2021-11-04 19:25:18
549,Poddorye,RU,57.4695,31.1156,43.68,84,100,8.05,overcast clouds,2021-11-04 19:25:18
550,Kenora,CA,49.8167,-94.4337,47.37,61,20,11.5,few clouds,2021-11-04 19:21:38
551,Summerville,US,33.0185,-80.1757,65.98,57,1,1.01,clear sky,2021-11-04 19:26:19
552,Antofagasta,CL,-23.65,-70.4,65.48,66,2,9.35,clear sky,2021-11-04 19:26:19
553,Marsa Matruh,EG,31.3525,27.2453,73.29,75,0,9.4,clear sky,2021-11-04 19:26:19
554,Port Blair,IN,11.6667,92.75,80.64,76,45,2.93,scattered clouds,2021-11-04 19:26:20
555,Tezu,IN,27.9167,96.1667,61.99,39,0,4.76,clear sky,2021-11-04 19:26:20
556,Kamenka,RU,51.3223,42.7678,45.97,69,100,10.07,overcast clouds,2021-11-04 19:26:20
557,Pundaguitan,PH,6.3711,126.1689,82.99,74,18,6.11,few clouds,2021-11-04 19:26:21
558,Mount Gambier,AU,-37.8333,140.7667,46.31,100,90,9.22,overcast clouds,2021-11-04 19:26:21
559,Verkhnyaya Inta,RU,65.9811,60.3094,33.58,97,100,24.07,light rain,2021-11-04 19:22:40
560,Itarema,BR,-2.9248,-39.9167,84.9,62,61,14.36,broken clouds,2021-11-04 19:26:21
561,Sakaiminato,JP,35.55,133.2333,55.38,94,75,5.75,broken clouds,2021-11-04 19:26:21
562,Diban,SY,35.0365,40.5167,71.08,35,0,8.37,clear sky,2021-11-04 19:26:22
563,Coahuayana,MX,18.7333,-103.6833,89.06,54,97,4.85,overcast clouds,2021-11-04 19:26:22
564,Port-Cartier,CA,50.0334,-66.8654,39.42,37,70,6.4,broken clouds,2021-11-04 19:26:22
565,Tabatinga,BR,-4.2525,-69.9381,86.09,70,40,9.22,scattered clouds,2021-11-04 19:26:23
566,Aguas Vermelhas,BR,-15.7472,-41.46,71.47,91,100,3.65,overcast clouds,2021-11-04 19:26:23
567,Yar-Sale,RU,66.8333,70.8333,32.49,89,100,22.73,overcast clouds,2021-11-04 19:26:23
568,Alnashi,RU,56.1874,52.4792,33.1,64,100,18.88,light snow,2021-11-04 19:26:23
569,Ahuimanu,US,21.4447,-157.8378,80.85,78,20,11.5,few clouds,2021-11-04 19:26:24
570,Dembi Dolo,ET,8.5333,34.8,58.75,81,2,4.16,clear sky,2021-11-04 19:26:24
571,Eyl,SO,7.9803,49.8164,78.26,66,36,9.53,scattered clouds,2021-11-04 19:26:24
572,Aykhal,RU,66.0,111.5,-7.26,97,100,21.5,overcast clouds,2021-11-04 19:26:25
573,Tambopata,PE,-12.7333,-69.1833,91.29,55,20,8.05,few clouds,2021-11-04 19:26:25
574,Codrington,AU,-38.2667,141.9667,43.63,96,5,2.59,clear sky,2021-11-04 19:26:25
575,Matara,LK,5.9485,80.5353,76.89,90,78,7.14,broken clouds,2021-11-04 19:26:25
576,Yeppoon,AU,-23.1333,150.7333,65.98,72,52,12.24,broken clouds,2021-11-04 19:26:26
577,Jalandhar,IN,31.3256,75.5792,66.97,41,0,3.13,clear sky,2021-11-04 19:26:26
578,Bosaso,SO,11.2842,49.1816,78.15,57,0,5.37,clear sky,2021-11-04 19:26:26
579,Panzhihua,CN,26.5851,101.7128,54.99,82,0,1.7,clear sky,2021-11-04 19:26:27
580,Auki,SB,-8.7676,160.7034,75.69,88,100,4.68,overcast clouds,2021-11-04 19:26:27
581,Saint-Georges,GD,12.0564,-61.7485,85.68,66,20,20.71,few clouds,2021-11-04 19:26:27
582,Lithgow,AU,-33.4833,150.15,54.55,99,100,5.03,overcast clouds,2021-11-04 19:26:27
583,Jalu,LY,29.0331,21.5482,80.2,24,2,7.81,clear sky,2021-11-04 19:26:28
584,Klaksvik,FO,62.2266,-6.589,45.52,75,93,22.46,overcast clouds,2021-11-04 19:26:28
585,Shimoda,JP,34.6667,138.95,55.11,76,2,8.52,clear sky,2021-11-04 19:26:28
586,Paamiut,GL,61.994,-49.6678,30.13,81,100,5.12,overcast clouds,2021-11-04 19:26:29
587,Baykit,RU,61.67,96.37,10.63,92,100,8.43,overcast clouds,2021-11-04 19:26:29
588,Mahwa,IN,27.0471,76.9288,71.1,33,0,0.31,clear sky,2021-11-04 19:26:29
589,Laela,TZ,-8.5667,32.05,75.25,39,75,3.49,broken clouds,2021-11-04 19:26:29
590,Tobol,KZ,52.6844,62.5794,25.68,39,15,12.1,few clouds,2021-11-04 19:26:30
591,Rawson,AR,-43.3002,-65.1023,64.83,19,44,14.85,scattered clouds,2021-11-04 19:26:30
592,Buraydah,SA,26.326,43.975,75.65,38,0,11.56,clear sky,2021-11-04 19:26:30
593,Soyo,AO,-6.1349,12.3689,78.75,81,76,7.94,broken clouds,2021-11-04 19:26:31
594,Eyemouth,GB,55.8713,-2.0901,42.84,71,43,10.04,scattered clouds,2021-11-04 19:26:31
595,Sattahip,TH,12.6664,100.9007,84.97,94,20,4.61,few clouds,2021-11-04 19:26:31
596,Tamandare,BR,-8.7597,-35.1047,81.95,70,99,14.67,overcast clouds,2021-11-04 19:26:32
597,Tsagan Aman,RU,47.5639,46.7218,44.26,59,100,14.92,overcast clouds,2021-11-04 19:27:32
598,Morinville,CA,53.8001,-113.652,48.81,59,75,2.3,broken clouds,2021-11-04 19:27:32
599,Kavaratti,IN,10.5669,72.642,82.06,79,100,10.67,overcast clouds,2021-11-04 19:27:32
600,Opuwo,NA,-18.0607,13.84,73.94,26,69,10.58,broken clouds,2021-11-04 19:27:33
601,Kingisepp,RU,59.3733,28.6134,40.48,96,77,5.08,broken clouds,2021-11-04 19:27:33
602,Lethem,GY,3.3803,-59.7968,96.66,34,49,12.03,scattered clouds,2021-11-04 19:27:33
603,Sur,OM,22.5667,59.5289,75.76,64,4,5.64,clear sky,2021-11-04 19:27:34
604,Quatre Cocos,MU,-20.2078,57.7625,71.71,76,0,9.06,clear sky,2021-11-04 19:27:34
605,Kizukuri,JP,40.8061,140.3861,48.94,94,100,4.43,overcast clouds,2021-11-04 19:27:34
606,Buzmeyin,TM,38.0507,58.2056,42.53,52,90,16.11,overcast clouds,2021-11-04 19:27:35
607,Fushan,CN,37.4958,121.2581,55.58,88,100,5.23,overcast clouds,2021-11-04 19:27:35
608,Qasigiannguit,GL,68.8193,-51.1922,30.45,83,99,7.23,overcast clouds,2021-11-04 19:27:35
609,Berbera,SO,10.4396,45.0143,82.76,54,4,1.86,clear sky,2021-11-04 19:27:35
610,Tabou,CI,4.423,-7.3528,79.0,81,4,8.25,clear sky,2021-11-04 19:27:36
611,Ugoofaaru,MV,5.6667,73.0,82.15,80,100,16.89,overcast clouds,2021-11-04 19:27:36
612,Penzance,GB,50.1186,-5.5371,49.77,66,92,20.69,overcast clouds,2021-11-04 19:27:36
613,Prince Rupert,CA,54.3161,-130.3201,47.89,97,100,4.61,moderate rain,2021-11-04 19:27:37
614,Kodinsk,RU,58.6881,99.1844,7.9,92,100,9.4,light snow,2021-11-04 19:27:37
615,Port Macquarie,AU,-31.4333,152.9167,64.36,88,90,0.0,overcast clouds,2021-11-04 19:27:37
616,Shenjiamen,CN,29.9576,122.298,67.41,80,100,13.67,overcast clouds,2021-11-04 19:27:38
617,Chapais,CA,49.7834,-74.8492,28.18,55,100,8.32,overcast clouds,2021-11-04 19:27:38
618,Rabo De Peixe,PT,37.8,-25.5833,68.27,95,40,16.11,scattered clouds,2021-11-04 19:27:38
619,Severobaykalsk,RU,55.65,109.3167,1.22,79,100,8.57,overcast clouds,2021-11-04 19:27:38
620,Pignon,HT,19.3333,-72.1167,82.13,64,26,2.55,scattered clouds,2021-11-04 19:27:39
621,Virar,IN,19.4667,72.8,82.49,60,96,5.48,light rain,2021-11-04 19:27:39
622,Ahtopol,BG,42.1,27.95,61.27,86,5,7.18,clear sky,2021-11-04 19:27:39
623,Nosy Varika,MG,-20.5833,48.5333,74.5,91,3,6.62,clear sky,2021-11-04 19:27:40
624,Mayo,US,38.8876,-76.5119,54.1,50,1,1.01,clear sky,2021-11-04 19:27:40
625,Abu Dhabi,AE,24.4667,54.3667,82.42,61,0,2.3,clear sky,2021-11-04 19:27:40
626,Maksatikha,RU,57.797,35.8825,42.04,92,16,7.16,few clouds,2021-11-04 19:27:40
627,Khoy,IR,38.5504,44.9535,55.96,65,69,3.02,broken clouds,2021-11-04 19:24:56
628,Champawat,IN,29.3333,80.1,44.96,74,0,5.12,clear sky,2021-11-04 19:27:41
629,Ulaangom,MN,49.9811,92.0667,9.88,39,10,4.72,clear sky,2021-11-04 19:27:41
630,Tungor,RU,53.3808,142.9564,27.28,98,45,3.83,scattered clouds,2021-11-04 19:27:41
631,Marau,BR,-28.4492,-52.2,84.15,50,12,5.91,few clouds,2021-11-04 19:27:42
632,Ladario,BR,-19.0047,-57.6017,98.69,36,40,9.22,scattered clouds,2021-11-04 19:27:42
633,Slavutych,UA,51.5196,30.7343,50.2,83,100,8.99,overcast clouds,2021-11-04 19:27:42
634,Tecoanapa,MX,16.5167,-98.75,83.88,70,95,7.45,overcast clouds,2021-11-04 19:27:42
635,Nagato,JP,34.3833,131.2,55.31,66,3,7.87,clear sky,2021-11-04 19:27:43
636,Nyzhnya Duvanka,UA,49.5846,38.1743,52.72,86,100,7.09,overcast clouds,2021-11-04 19:27:43
637,Nantucket,US,41.2835,-70.0995,51.94,65,100,4.5,overcast clouds,2021-11-04 19:27:43
638,Ordu,TR,40.9086,37.6845,43.3,79,0,4.94,clear sky,2021-11-04 19:27:44
639,Waitati,NZ,-45.75,170.5667,50.77,67,7,0.74,clear sky,2021-11-04 19:27:44
640,Xingyi,CN,24.1877,102.817,53.65,97,71,3.96,broken clouds,2021-11-04 19:27:44
641,Oktyabrskiy,RU,54.4815,53.471,34.16,29,100,17.2,overcast clouds,2021-11-04 19:27:44
642,Kaeo,NZ,-35.1,173.7833,58.32,96,100,7.11,light rain,2021-11-04 19:27:45
643,Pervomaysk,UA,48.0443,30.8507,55.78,96,67,15.59,broken clouds,2021-11-04 19:27:45
644,General Roca,AR,-39.0333,-67.5833,64.8,11,0,25.97,clear sky,2021-11-04 19:28:45
645,Ust-Nera,RU,64.5667,143.2,-0.8,98,100,4.41,overcast clouds,2021-11-04 19:28:46
646,Tres Arroyos,AR,-38.3739,-60.2798,57.18,75,100,15.9,light rain,2021-11-04 19:28:46
647,Port Hueneme,US,34.1478,-119.1951,90.88,76,40,5.75,haze,2021-11-04 19:28:46
648,Jurm,AF,36.8648,70.8342,39.81,98,100,8.28,light rain,2021-11-04 19:28:47
649,Mogadishu,SO,2.0371,45.3438,79.39,80,100,12.82,overcast clouds,2021-11-04 19:28:47
650,Kloulklubed,PW,7.0419,134.2556,77.5,76,100,8.25,overcast clouds,2021-11-04 19:28:47
651,Tonekabon,IR,36.8163,50.8738,58.95,90,100,3.71,overcast clouds,2021-11-04 19:28:47
652,Moose Factory,CA,51.2585,-80.6094,39.2,60,1,12.66,clear sky,2021-11-04 19:28:48
653,Flinders,AU,-34.5833,150.8552,64.18,93,100,1.01,light rain,2021-11-04 19:28:48
654,Peterhead,GB,57.5058,-1.7981,46.71,77,100,15.55,overcast clouds,2021-11-04 19:28:48
655,Barsovo,RU,61.1667,73.1667,28.53,93,100,14.79,overcast clouds,2021-11-04 19:28:49
656,Ilo,PE,-17.6394,-71.3375,70.66,60,20,10.36,few clouds,2021-11-04 19:28:49
657,Vestmannaeyjar,IS,63.4427,-20.2734,44.98,78,100,14.05,overcast clouds,2021-11-04 19:27:29
658,Whitianga,NZ,-36.8333,175.7,59.68,93,100,15.23,overcast clouds,2021-11-04 19:28:49
659,Harur,IN,12.0667,78.5,71.76,97,100,3.53,overcast clouds,2021-11-04 19:28:49
660,Port-Gentil,GA,-0.7193,8.7815,80.56,83,75,10.36,broken clouds,2021-11-04 19:28:50
661,Goure,NE,13.9835,10.2704,90.01,12,2,12.86,clear sky,2021-11-04 19:28:50
662,Mehran,IR,33.1222,46.1646,72.88,39,5,7.16,clear sky,2021-11-04 19:28:50
663,Okha,RU,53.5739,142.9478,29.21,96,59,3.83,broken clouds,2021-11-04 19:28:51
664,Vysoke,UA,50.3833,29.5167,51.53,72,100,14.83,overcast clouds,2021-11-04 19:28:51
665,Nouadhibou,MR,20.931,-17.0347,71.58,73,67,10.36,broken clouds,2021-11-04 19:28:51
666,Belmonte,BR,-15.8631,-38.8828,79.3,80,83,10.98,broken clouds,2021-11-04 19:28:51
667,Varna,BG,43.2167,27.9167,62.24,81,0,3.44,clear sky,2021-11-04 19:28:52
668,Ust-Maya,RU,60.4167,134.5333,9.34,96,100,3.09,overcast clouds,2021-11-04 19:28:52
669,Estelle,US,29.8458,-90.1067,66.99,65,90,8.05,overcast clouds,2021-11-04 19:24:46
670,Melchor De Mencos,GT,17.0686,-89.1522,85.89,52,97,1.83,overcast clouds,2021-11-04 19:28:53
671,Kenai,US,60.5544,-151.2583,35.15,98,90,4.61,snow,2021-11-04 19:28:53
672,Goderich,CA,43.7501,-81.7165,42.91,81,99,9.22,overcast clouds,2021-11-04 19:28:53
673,Broome,US,42.2506,-75.833,47.05,61,90,1.01,overcast clouds,2021-11-04 19:28:53
674,Riverton,US,40.5219,-111.9391,69.8,41,1,5.99,clear sky,2021-11-04 19:28:54
675,Uyuni,BO,-20.4597,-66.825,67.1,8,40,16.69,scattered clouds,2021-11-04 19:28:54
676,Dryden,CA,49.7833,-92.7503,44.89,57,1,10.36,clear sky,2021-11-04 19:28:54
677,Cizre,TR,37.3272,42.1903,69.39,49,0,5.53,clear sky,2021-11-04 19:28:55
678,Biloela,AU,-24.4167,150.5,62.94,85,56,4.45,broken clouds,2021-11-04 19:28:55
679,Miri,MY,4.4148,114.0089,77.14,100,40,3.44,light rain,2021-11-04 19:28:55
680,Haines Junction,CA,60.7522,-137.5108,21.15,86,83,0.0,broken clouds,2021-11-04 19:28:56
681,Gizo,SB,-8.103,156.8419,82.31,70,99,13.09,overcast clouds,2021-11-04 19:28:56
